name,address,province,Longitude,Latitude,congregation,risk_1,risk_2,risk_3,preparedness,emergencyResPlan,warningSystem,permanentBuilding,doorWindow,constructionDoc,earthquakeResistant,buildingEarthquakeImpact,facilityEarthquakeImpact,faciltyEndanger,evacuationPath,evacuationPathVulnerable,evacuationOfficer,emergencyCommission,facingDisasterProg,handlingSkill,specialBudget,interactionGuide,emergencyResponse,raiseFunds,provideTraining,churchEducation,riskreduction,disasterOccurs,economicDev,buildingCode,trainingNeeds,increaseCapacity,disasterResponseSOP,dataRoutine,evacuationSimulation,preparednessTools,competent,lastUpdate,Gempa,Banjir,KekeRingan,Tsunami,Cuaca Ekstrim,Gelombang Ekstrim dan Abrasi,Kebakaran Hutan dan Lahan,Letusan Gunung Berapi,Tanah Longsor,Multi Bahaya,Likuefaksi,Terorisme,Konflik,evacuationGuidePerson,disasterContactPerson
GKJ Wiladeg ,Jl. Wonosari-Karangmojo Km 6 Wiladeg Karangmojo Gunungkidul ,Daerah Istimewa Yogyakarta,-7.9551434,110.6464711,1007,Angin puting beliung,Gempa,Covid 19,Tidak Punya,Tidak Punya,Punya,Ya,Ya,Tidak Punya,Ya,Tidak Ada,Tidak terdampak,Tidak,Tidak punya,Tidak punya,Tidak punya,Punya,Tidak,Ya,Tidak,Tidak,Tidak,Insidental (penggalangan dana/persembahan bencana),LSM/NGO,Ya,Ya,Sedikit siap,Tidak,Ya,"Pelatihan Pertolongan Pertama pada Gawat Darurat (PPGD), Teologi Bencana (Church and Community Transformation Resilience Approach-CCT), Simulasi menghadapi bencana, Perubahan iklim dan dampaknya, lingkungan, kualitas, dan kelestarian, Interaksi dan konflik sosial, Disabilitas dan inklusi, Epidemi dan wabah penyakit","Pelatihan Pertolongan Pertama pada Gawat Darurat (PPGD), Teologi Bencana (Church and Community Transformation Resilience Approach-CCT), Simulasi menghadapi bencana, Perubahan iklim dan dampaknya, lingkungan, kualitas, dan kelestarian, Interaksi dan konflik sosial, Disabilitas dan inklusi, Epidemi dan wabah penyakit",Ya,Pendataan penyintas COVID-19,Tidak,Ambulans,"BPBD/BNPB, SAR, PMI",Senin 13 September 2021 ,#FF8E00,#31AA75,#31AA75,#31AA75,#31AA75,#31AA75,#31AA75,#31AA75,#31AA75,#FF8E00,#31AA75,#FF8E00,#FF8E00,Tidak punya,Tidak Tahu
GKJ Bejiharjo ,"Dusun Kulwo, Bejiharjo, Karangmojo, Gunungkidul DIY ",Daerah Istimewa Yogyakarta,-7.9395221,110.6369269,370,KekeRingan,Banjir,Konflik Sosial,Tidak Punya,Tidak punya,Tidak punya,Ya,Ya,Tidak Punya,Ya,Ringan,Terdampak tetapi masih ada pada tempatnya,Tidak,Tidak punya,Tidak punya,Tidak punya,Punya,Tidak,Tidak,Ya,Tidak,Tidak,Insidental (penggalangan dana/persembahan bencana),BNPB/BPBD,Ya,Ya,Sedikit siap,Tidak,Ya,"Pelatihan Pertolongan Pertama pada Gawat Darurat (PPGD), Teologi Bencana (Church and Community Transformation Resilience Approach-CCT), Simulasi menghadapi bencana, Epidemi dan wabah penyakit","Pelatihan Pertolongan Pertama pada Gawat Darurat (PPGD), Teologi Bencana (Church and Community Transformation Resilience Approach-CCT), Simulasi menghadapi bencana, Epidemi dan wabah penyakit",Tidak,"Pendataan kelompok rentan (disabilitas, lansia, ibu hamil, dan anak-anak), Pendataan penyintas COVID-19",Tidak,Lampu senter,"BPBD/BNPB, PMI","Selasa, 14 September 2021",#31AA75,#FF8E00,#CF3333,#31AA75,#31AA75,#31AA75,#31AA75,#31AA75,#31AA75,#FF8E00,#31AA75,#FF8E00,#FF8E00,Tidak punya,Tidak Tahu
GKJ Susukan,"Susukan II,Genjahan,Ponjong,Gunungkidul",Daerah Istimewa Yogyakarta,-7.9586285,110.6979387,680,KekeRingan,Covid 19,Intoleransi Beragama,Tidak Punya,Tidak Punya,Tidak punya,Ya,Ya,Tidak punya,Tidak,Ringan,Terdampak dan berpotensi membahayakan pengguna/jemaat,Ya,Tidak punya,Tidak punya,Tidak punya,Punya,Tidak,Tidak,Tidak,Ya,Ya,Insidental (penggalangan dana/persembahan bencana),BNPB/BPBD,Ya,Ya,Sedikit siap,Ya,Ya,"Simulasi menghadapi bencana, Pelatihan pengelolaan dana dan bantuan","Simulasi menghadapi bencana, Pelatihan pengelolaan dana dan bantuan",Tidak,"Pendataan ekonomi jemaat (tingkat perekonomian jemaat, bagaimana cara jemaat mengatasi perubahan kebutuhan ekonomi disaat pandemi)","Ya, > 2 tahun","Kotak P3K, Genset",BPBD/BNPB,kamis 16 september 2021,#31AA75,#31AA75,#CF3333,#31AA75,#31AA75,#31AA75,#31AA75,#31AA75,#31AA75,#FF8E00,#31AA75,#FF8E00,#FF8E00,Tidak punya,Tahu
GKJ Baran Gunungkidul,Kerdonmiri 003/001 Karangwuni Rongkop Gunungkidul ,Daerah Istimewa Yogyakarta,-8.075203,110.764535,874,KekeRingan,Epidemi,Putus sekolah,Tidak punya,Tidak punya,Tidak Punya,Ya,Ya,Tidak punya,Tidak,Tidak Ada,Tidak terdampak,Tidak,Tidak punya,Tidak punya,Tidak punya,Tidak punya,Tidak,Tidak,Tidak,Tidak,Tidak,Insidental (penggalangan dana/persembahan bencana),FKUB (Forum Kerukunan Umat Beragama),Tidak,Tidak,Sedikit siap,Ya,Ya,"Pelatihan Pertolongan Pertama pada Gawat Darurat (PPGD), Teologi Bencana (Church and Community Transformation Resilience Approach-CCT), Rencana Kontijensi Bencana (rencana gereja bergerak bersama jejaring seperti pelatihan dengan BPBD/BNPB/LSM/SAR, dll.), Simulasi menghadapi bencana","Pelatihan Pertolongan Pertama pada Gawat Darurat (PPGD), Teologi Bencana (Church and Community Transformation Resilience Approach-CCT), Rencana Kontijensi Bencana (rencana gereja bergerak bersama jejaring seperti pelatihan dengan BPBD/BNPB/LSM/SAR, dll.), Simulasi menghadapi bencana",Ya,"Pendataan golongan darah, Pendataan pekerjaan/kegiatan usaha jemaat",Tidak,Lampu senter,"BPBD/BNPB, SAR, PMI",Jumat 3 September 2021,#31AA75,#31AA75,#CF3333,#31AA75,#31AA75,#31AA75,#31AA75,#31AA75,#31AA75,#FF8E00,#31AA75,#FF8E00,#FF8E00,Tidak punya,Tahu
GKJ Watusigar,"Watusigar, Ngawen, Gunungkidul, DIY",Daerah Istimewa Yogyakarta,-7.8611482,110.6901249,912,Angin Kencang,KekeRingan,Banjir,Punya,Punya,Punya,Ya,Ya,Tidak Punya,Ya,Tidak Ada,Tidak terdampak,Tidak,Punya,Tidak punya,Punya,Punya,Tidak,Ya,Ya,Ya,Ya,Alokasi anggaran khusus bencana (diambilkan dari persembahan bulan khusus bencana),"TNI/POLRI, BNPB/BPBD, FKUB (Forum Kerukunan Umat Beragama), LSM/NGO",Ya,Ya,Siap,Tidak,Ya,"Pelatihan Pertolongan Pertama pada Gawat Darurat (PPGD), Teologi Bencana (Church and Community Transformation Resilience Approach-CCT), Simulasi menghadapi bencana, Perubahan iklim dan dampaknya, lingkungan, kualitas, dan kelestarian, Interaksi dan konflik sosial, Disabilitas dan inklusi, Epidemi dan wabah penyakit, Terorisme","Pelatihan Pertolongan Pertama pada Gawat Darurat (PPGD), Teologi Bencana (Church and Community Transformation Resilience Approach-CCT), Simulasi menghadapi bencana, Perubahan iklim dan dampaknya, lingkungan, kualitas, dan kelestarian, Interaksi dan konflik sosial, Disabilitas dan inklusi, Epidemi dan wabah penyakit, Terorisme",Ya,Pendataan penyintas COVID-19,"Ya, > 2 tahun","Lampu senter, Rompi, Kotak P3K, Alat pengeras suara","BPBD/BNPB, SAR, LSM/NGO Kebencanaan, PMI, Kelompok masyarakat peduli bencana","Jumat, 17 September 2021",#31AA75,#F7EA00,#FF8E00,#31AA75,#31AA75,#31AA75,#31AA75,#31AA75,#31AA75,#FF8E00,#31AA75,#FF8E00,#FF8E00,Punya,Tahu
GKJ Paliyan,"Tahunan RT 02 RW 01, Karangduwet, Paliyan, Gunungkidul 55871",Daerah Istimewa Yogyakarta,-7.98702,110.50663,704,Covid 19,kekeRingan,angin kencang,Tidak Punya,Tidak Punya,Tidak Punya,Ya,Ya,Tidak Punya,Belum Teruji,Ringan,Terdampak tetapi masih ada pada tempatnya,Tidak,Punya,Punya,Tidak punya,Punya,Ya,Ya,Ya,Tidak,Tidak,Insidental (penggalangan dana/persembahan bencana),YAKKUM,Ya,Ya,Siap,Tidak,Ya,Simulasi menghadapi bencana,Simulasi menghadapi bencana,Ya,"Pendataan kelompok rentan (disabilitas, lansia, ibu hamil, dan anak-anak), Pendataan pekerjaan/kegiatan usaha jemaat","Ya, > 2 tahun","Lampu senter, Lampu darurat","SAR, PMI, Kelompok masyarakat peduli bencana","Sabtu, 18 September 2021",#31AA75,#31AA75,#FF8E00,#31AA75,#F7EA00,#31AA75,#31AA75,#31AA75,#31AA75,#FF8E00,#31AA75,#FF8E00,#FF8E00,Tidak punya,Tidak Tahu
GKJ Pugeran,"Kerdon, Karangsari, Semin, Gunungkidul",Daerah Istimewa Yogyakarta,-7.8673404,110.7483625,696,Covid 19,KekeRingan,Tanah Longsor,Tidak Punya,Tidak Punya,Punya,Ya,Ya,Punya,Belum Teruji,Tidak Ada,Terdampak tetapi masih ada pada tempatnya,Tidak,Tidak punya,Tidak punya,Tidak punya,Tidak punya,Tidak,Tidak,Ya,Ya,Tidak,Insidental (penggalangan dana/persembahan bencana),FKUB (Forum Kerukunan Umat Beragama),Ya,Ya,Sedikit siap,Ya,Ya,"Pelatihan Pertolongan Pertama pada Gawat Darurat (PPGD), Teologi Bencana (Church and Community Transformation Resilience Approach-CCT), Epidemi dan wabah penyakit","Pelatihan Pertolongan Pertama pada Gawat Darurat (PPGD), Teologi Bencana (Church and Community Transformation Resilience Approach-CCT), Epidemi dan wabah penyakit",Tidak,"Pendataan penyintas COVID-19, Pendataan ekonomi jemaat (tingkat perekonomian jemaat, bagaimana cara jemaat mengatasi perubahan kebutuhan ekonomi disaat pandemi), Pendataan pekerjaan/kegiatan usaha jemaat","Ya, > 2 tahun","Kotak P3K, Alat pengeras suara, Genset","SAR, PMI","Senin, 20 September 2021",#31AA75,#31AA75,#FF8E00,#31AA75,#31AA75,#31AA75,#31AA75,#31AA75,#F7EA00,#FF8E00,#31AA75,#FF8E00,#FF8E00,Tidak punya,Tahu
GKJ Logandeng,"Utara Pasar Sompil, Logandeng RT. 027 / RW. 05, Logandeng, Playen, Plumbon Lor, Logandeng, Kec. Playen, Kabupaten Gunung Kidul, Daerah Istimewa Yogyakarta 55861",Daerah Istimewa Yogyakarta,-7.935176,110.5738123,259,Alam,Non alam,Sosial,Tidak punya,Tidak punya,Tidak punya,Ya,Ya,Tidak Punya,Belum Teruji,Sedang,Terdampak tetapi masih ada pada tempatnya,Tidak,Tidak punya,Tidak punya,Tidak punya,Tidak punya,Tidak,Tidak,Tidak,Tidak,Tidak,Insidental dan alokasi anggaran bulanan khusus bencana,Klasis,Ya,Ya,Sedikit siap,Ya,Ya,"Pelatihan Pertolongan Pertama pada Gawat Darurat (PPGD), Manajemen Barak, Teologi Bencana (Church and Community Transformation Resilience Approach-CCT), Rencana Kontijensi Bencana (rencana gereja bergerak bersama jejaring seperti pelatihan dengan BPBD/BNPB/LSM/SAR, dll.), Simulasi menghadapi bencana, Perubahan iklim dan dampaknya, lingkungan, kualitas, dan kelestarian, Interaksi dan konflik sosial, Pelatihan pengelolaan dana dan bantuan, Epidemi dan wabah penyakit","Pelatihan Pertolongan Pertama pada Gawat Darurat (PPGD), Manajemen Barak, Teologi Bencana (Church and Community Transformation Resilience Approach-CCT), Rencana Kontijensi Bencana (rencana gereja bergerak bersama jejaring seperti pelatihan dengan BPBD/BNPB/LSM/SAR, dll.), Simulasi menghadapi bencana, Perubahan iklim dan dampaknya, lingkungan, kualitas, dan kelestarian, Interaksi dan konflik sosial, Pelatihan pengelolaan dana dan bantuan, Epidemi dan wabah penyakit",Ya,"Pendataan penyintas COVID-19, Pendataan ekonomi jemaat (tingkat perekonomian jemaat, bagaimana cara jemaat mengatasi perubahan kebutuhan ekonomi disaat pandemi), Pendataan pekerjaan/kegiatan usaha jemaat",Sudah pernah ikut simulasi yg diadakan klasis,Kotak P3K,"BPBD/BNPB, SAR, PMI","Senin, 20 September 2021",#31AA75,#31AA75,#31AA75,#31AA75,#31AA75,#31AA75,#31AA75,#31AA75,#31AA75,#FF8E00,#31AA75,#FF8E00,#FF8E00,Tidak punya,Tidak Tahu
GKJ Kemadang,Jl Baron Km 17 Karanglor II Kemadang Tanjungsari Gunungkidul,Daerah Istimewa Yogyakarta,-8.0958151,110.5547519,784,KekeRingan,Gempa bumi,Gelombang tinggi,Punya,Punya,Punya,Ya,Ya,Tidak Punya,Ya,Tidak Ada,Terdampak tetapi masih ada pada tempatnya,Tidak,Punya,Punya,Punya,Punya,Ya,Ya,Ya,Ya,Ya,Insidental dan alokasi anggaran bulanan khusus bencana,"BNPB/BPBD, LSM/NGO, FPRB",Ya,Ya,Siap,Ya,Ya,"Pelatihan Pertolongan Pertama pada Gawat Darurat (PPGD), Manajemen Barak, Rencana Kontijensi Bencana (rencana gereja bergerak bersama jejaring seperti pelatihan dengan BPBD/BNPB/LSM/SAR, dll.), Simulasi menghadapi bencana, Perubahan iklim dan dampaknya, lingkungan, kualitas, dan kelestarian, Keterampilan psikososial dalam penanganan korban bencana, Pelatihan pengelolaan dana dan bantuan, Epidemi dan wabah penyakit","Pelatihan Pertolongan Pertama pada Gawat Darurat (PPGD), Manajemen Barak, Rencana Kontijensi Bencana (rencana gereja bergerak bersama jejaring seperti pelatihan dengan BPBD/BNPB/LSM/SAR, dll.), Simulasi menghadapi bencana, Perubahan iklim dan dampaknya, lingkungan, kualitas, dan kelestarian, Keterampilan psikososial dalam penanganan korban bencana, Pelatihan pengelolaan dana dan bantuan, Epidemi dan wabah penyakit",Ya,"Pendataan kelompok rentan (disabilitas, lansia, ibu hamil, dan anak-anak), Pendataan golongan darah, Pendataan penyintas COVID-19, Pendataan pekerjaan/kegiatan usaha jemaat","Ya, 1-2 tahun","Peluit, Helm, Lampu senter, Kotak P3K, APD","BPBD/BNPB, SAR, FPRB","Senin, 20 September 2021",#FF8E00,#31AA75,#CF3333,#31AA75,#31AA75,#31AA75,#31AA75,#31AA75,#31AA75,#FF8E00,#31AA75,#FF8E00,#FF8E00,Punya,Tahu
GKJ Sabda Adi Semanu,"Jl. Jend. Sudirman no 6 Semanu, Gunungkidul",Daerah Istimewa Yogyakarta,-8.0023245,110.6472872,489,non alam,alam,sosial,Tidak punya,Punya,Tidak punya,Ya,Ya,Tidak Punya,Belum Teruji,Tidak Ada,Terdampak tetapi masih ada pada tempatnya,Tidak,Tidak punya,Punya,Tidak punya,Tidak punya,Tidak,Ya,Ya,Tidak,Tidak,Insidental dan alokasi anggaran bulanan khusus bencana,BNPB/BPBD,Tidak,Ya,Sedikit siap,Ya,Ya,"Rencana Kontijensi Bencana (rencana gereja bergerak bersama jejaring seperti pelatihan dengan BPBD/BNPB/LSM/SAR, dll.), Pelatihan pengelolaan dana dan bantuan","Rencana Kontijensi Bencana (rencana gereja bergerak bersama jejaring seperti pelatihan dengan BPBD/BNPB/LSM/SAR, dll.), Pelatihan pengelolaan dana dan bantuan",Ya,Pendataan golongan darah,"Ya, > 2 tahun","Lampu senter, Alat pengeras suara, Genset","BPBD/BNPB, SAR, Kelompok masyarakat peduli bencana","selasa, 22 september 2021",#31AA75,#31AA75,#31AA75,#31AA75,#31AA75,#31AA75,#31AA75,#31AA75,#31AA75,#FF8E00,#31AA75,#FF8E00,#FF8E00,Tidak punya,Tidak Tahu
GKJ Semanu Baru Gunungkidul,Panggul Tengah Candi Rejo Semanu Gunungkidul Yogyakarta,Daerah Istimewa Yogyakarta,-8.0082034,110.6477808,186,Kebebasan Beribadah,Gunung Meletus,Gempa Bumi,Tidak punya,Tidak punya,Tidak punya,Ya,Ya,Tidak punya,Tidak,Tidak Ada,Tidak terdampak,Tidak,Punya,Tidak punya,Tidak punya,Punya,Tidak,Tidak,Tidak,Tidak,Tidak,Insidental (penggalangan dana/persembahan bencana),Tidak pernah,Ya,Ya,Siap,Tidak,Ya,"Simulasi menghadapi bencana, Keterampilan psikososial dalam penanganan korban bencana","Simulasi menghadapi bencana, Keterampilan psikososial dalam penanganan korban bencana",Ya,Tidak Ada,Tidak,Tidak Punya semua,"LSM/NGO Kebencanaan, Kelompok masyarakat peduli bencana","Selasa, 21 september 2021",#F7EA00,#31AA75,#31AA75,#31AA75,#31AA75,#31AA75,#31AA75,#FF8E00,#31AA75,#FF8E00,#31AA75,#FF8E00,#FF8E00,Tidak punya,Tidak Tahu
GKJ Wonosari Gunungkidul,"Jl. Gereja 11-12 Wonosari, Gunungkidul",Daerah Istimewa Yogyakarta,-7.9651442,110.6004106,2972,Alam kekeRingan,Angin kencang,Konflik sosial,Tidak Punya,Tidak Punya,Tidak punya,Ya,Ya,Punya,Ya,Tidak Ada,Tidak terdampak,Ya,Tidak punya,Tidak punya,Tidak punya,Punya,Ya,Ya,Ya,Tidak,Tidak,Insidental dan alokasi anggaran bulanan khusus bencana,Belum pernah,Ya,Ya,Sedikit siap,Ya,Ya,"Pelatihan Pertolongan Pertama pada Gawat Darurat (PPGD), Manajemen Barak, Teologi Bencana (Church and Community Transformation Resilience Approach-CCT), Rencana Kontijensi Bencana (rencana gereja bergerak bersama jejaring seperti pelatihan dengan BPBD/BNPB/LSM/SAR, dll.), Simulasi menghadapi bencana, Perubahan iklim dan dampaknya, lingkungan, kualitas, dan kelestarian, Interaksi dan konflik sosial, Disabilitas dan inklusi, Keterampilan psikososial dalam penanganan korban bencana, Pelatihan pengelolaan dana dan bantuan, Epidemi dan wabah penyakit, Terorisme","Pelatihan Pertolongan Pertama pada Gawat Darurat (PPGD), Manajemen Barak, Teologi Bencana (Church and Community Transformation Resilience Approach-CCT), Rencana Kontijensi Bencana (rencana gereja bergerak bersama jejaring seperti pelatihan dengan BPBD/BNPB/LSM/SAR, dll.), Simulasi menghadapi bencana, Perubahan iklim dan dampaknya, lingkungan, kualitas, dan kelestarian, Interaksi dan konflik sosial, Disabilitas dan inklusi, Keterampilan psikososial dalam penanganan korban bencana, Pelatihan pengelolaan dana dan bantuan, Epidemi dan wabah penyakit, Terorisme",Ya,"Pendataan golongan darah, Pendataan penyintas COVID-19, Pendataan ekonomi jemaat (tingkat perekonomian jemaat, bagaimana cara jemaat mengatasi perubahan kebutuhan ekonomi disaat pandemi), Pendataan pekerjaan/kegiatan usaha jemaat","Ya, > 2 tahun","Kotak P3K, Alat pengeras suara, Safety Box berisi dokumen penting, Genset","BPBD/BNPB, SAR, PMI",Jumat 1 oktober 2021,#31AA75,#31AA75,#CF3333,#31AA75,#FF8E00,#31AA75,#31AA75,#31AA75,#31AA75,#FF8E00,#31AA75,#FF8E00,#FF8E00,Tidak punya,Tidak Tahu
GKJ Panggang Gunungkidul,"Jl. Panggang - Wonosari Km 6,5 Mendak, Girisekar, Panggang, Gunungkidul",Daerah Istimewa Yogyakarta,-8.0381367,110.4629397,258,KekeRingan,Wabah penyakit (covid-19),Kebebasan beribadah,Tidak Punya,Tidak Punya,Tidak punya,Ya,Ya,Tidak punya,Belum Teruji,Ringan,Terdampak tetapi masih ada pada tempatnya,Tidak,Tidak punya,Tidak punya,Tidak punya,Punya,Tidak,Ya,Tidak,Tidak,Ya,Insidental (penggalangan dana/persembahan bencana),"BNPB/BPBD, PMI/SAR/ Damkar (Pemadam Kebakaran)",Tidak,Ya,Sedikit siap,Tidak,Ya,"Rencana Kontijensi Bencana (rencana gereja bergerak bersama jejaring seperti pelatihan dengan BPBD/BNPB/LSM/SAR, dll.), Simulasi menghadapi bencana","Rencana Kontijensi Bencana (rencana gereja bergerak bersama jejaring seperti pelatihan dengan BPBD/BNPB/LSM/SAR, dll.), Simulasi menghadapi bencana",Ya,"Pendataan kelompok rentan (disabilitas, lansia, ibu hamil, dan anak-anak), Pendataan ekonomi jemaat (tingkat perekonomian jemaat, bagaimana cara jemaat mengatasi perubahan kebutuhan ekonomi disaat pandemi), Pendataan pekerjaan/kegiatan usaha jemaat","Ya, > 2 tahun",Tidak punya,"BPBD/BNPB, SAR, PMI","Jumat, 2 Oktober 2021",#31AA75,#31AA75,#CF3333,#31AA75,#31AA75,#31AA75,#31AA75,#31AA75,#31AA75,#FF8E00,#31AA75,#FF8E00,#FF8E00,Tidak punya,Tahu
GKJ Temon,"Temon Kulon, Temon, Kulon Progo",Daerah Istimewa Yogyakarta,-7.89756,110.062187,745,banjir,angin topan,gempa bumi,Punya,Punya,Tidak punya,Ya,Ya,Tidak Punya,Belum Teruji,Ringan,Tidak terdampak,Tidak,Tidak punya,Tidak punya,Tidak punya,Punya,Ya,Ya,Ya,Tidak,Tidak,Insidental (penggalangan dana/persembahan bencana),LSM/NGO,Ya,Ya,Sedikit siap,Ya,Ya,"Pelatihan Pertolongan Pertama pada Gawat Darurat (PPGD), Manajemen Barak, Rencana Kontijensi Bencana (rencana gereja bergerak bersama jejaring seperti pelatihan dengan BPBD/BNPB/LSM/SAR, dll.), Simulasi menghadapi bencana, Perubahan iklim dan dampaknya, lingkungan, kualitas, dan kelestarian, Interaksi dan konflik sosial, Disabilitas dan inklusi, Keterampilan psikososial dalam penanganan korban bencana, Pelatihan pengelolaan dana dan bantuan, Epidemi dan wabah penyakit","Pelatihan Pertolongan Pertama pada Gawat Darurat (PPGD), Manajemen Barak, Rencana Kontijensi Bencana (rencana gereja bergerak bersama jejaring seperti pelatihan dengan BPBD/BNPB/LSM/SAR, dll.), Simulasi menghadapi bencana, Perubahan iklim dan dampaknya, lingkungan, kualitas, dan kelestarian, Interaksi dan konflik sosial, Disabilitas dan inklusi, Keterampilan psikososial dalam penanganan korban bencana, Pelatihan pengelolaan dana dan bantuan, Epidemi dan wabah penyakit",Ya,"Pendataan kelompok rentan (disabilitas, lansia, ibu hamil, dan anak-anak), Pendataan golongan darah, Pendataan penyintas COVID-19",Tidak,"Rompi, Genset","SAR, PMI, Kelompok masyarakat peduli bencana","Rabu, 15 September 2021",#F7EA00,#CF3333,#31AA75,#31AA75,#31AA75,#31AA75,#31AA75,#31AA75,#31AA75,#FF8E00,#31AA75,#FF8E00,#FF8E00,Tidak punya,Tahu
GKJ Wates,"Jalan Bhayangkara No.3, Terbah, Wates, Kulon Progo",Daerah Istimewa Yogyakarta,-7.8841805,110.0739486,1186,Endemi penyakit,Angin kencang,Gempa bumi,Tidak Punya,Tidak Punya,Tidak punya,Ya,Ya,Tidak Punya,Belum Teruji,Tidak Ada,Terdampak tetapi masih ada pada tempatnya,Tidak,Punya,Punya,Punya,Punya,Tidak,Ya,Ya,Tidak,Tidak,Insidental (penggalangan dana/persembahan bencana),PMI/SAR/ Damkar (Pemadam Kebakaran),Ya,Ya,Sedikit siap,Tidak,Ya,Epidemi dan wabah penyakit,Epidemi dan wabah penyakit,Tidak,"Pendataan golongan darah, Pendataan ekonomi jemaat (tingkat perekonomian jemaat, bagaimana cara jemaat mengatasi perubahan kebutuhan ekonomi disaat pandemi), Pendataan pekerjaan/kegiatan usaha jemaat","Ya, > 2 tahun","Lampu senter, Rompi, Kotak P3K, Alat pemadam kebakaran, Alat pengeras suara, Genset","BPBD/BNPB, SAR, PMI","Kamis, 16-9-2021",#F7EA00,#31AA75,#31AA75,#31AA75,#FF8E00,#31AA75,#31AA75,#31AA75,#31AA75,#FF8E00,#31AA75,#FF8E00,#FF8E00,Punya,Tahu
GKJ Ngentakrejo,"mirisewu,ngentakrejo,lendah,kulon progo",Daerah Istimewa Yogyakarta,-7.8977381,110.266971,250,kekeRingan,gempa bumi,keeusakan lingkungan tambng pasir,Tidak punya,Tidak punya,Tidak punya,Ya,Ya,Tidak Punya,Belum Teruji,Tidak Ada,Terdampak tetapi masih ada pada tempatnya,Ya,Tidak punya,Tidak punya,Tidak punya,Punya,Tidak,Ya,Tidak,Tidak,Tidak,Insidental (penggalangan dana/persembahan bencana),blm pernah mengundang,Ya,Tidak,Tidak siap,Ya,Ya,"Simulasi menghadapi bencana, Epidemi dan wabah penyakit","Simulasi menghadapi bencana, Epidemi dan wabah penyakit",Tidak,Pendataan penyintas COVID-19,"Ya, > 2 tahun",Genset,"BPBD/BNPB, SAR","jumat,17/09/2021",#FF8E00,#31AA75,#CF3333,#31AA75,#31AA75,#31AA75,#31AA75,#31AA75,#31AA75,#FF8E00,#31AA75,#FF8E00,#FF8E00,Tidak punya,Tidak Tahu
GKJ Gowok,"Gowok,Kebonharjo,Samigaluh,Kulon Progo 55673",Daerah Istimewa Yogyakarta,-7.7099517,110.1326464,125,Tanah longsor,KekeRingan,Pandemi,Tidak Punya,Tidak Punya,Tidak punya,Ya,Ya,Tidak Punya,Ya,Tidak Ada,Terdampak tetapi masih ada pada tempatnya,Tidak,Punya,Punya,Tidak punya,Tidak punya,Ya,Ya,Tidak,Tidak,Tidak,Insidental (penggalangan dana/persembahan bencana),LSM/NGO,Ya,Ya,Sedikit siap,Tidak,Ya,"Rencana Kontijensi Bencana (rencana gereja bergerak bersama jejaring seperti pelatihan dengan BPBD/BNPB/LSM/SAR, dll.), Simulasi menghadapi bencana","Rencana Kontijensi Bencana (rencana gereja bergerak bersama jejaring seperti pelatihan dengan BPBD/BNPB/LSM/SAR, dll.), Simulasi menghadapi bencana",Tidak,Tidak Ada,"Ya, > 2 tahun",Blm punya,"BPBD/BNPB, SAR, Kelompok masyarakat peduli bencana","Minggu,19 september 2021",#31AA75,#31AA75,#FF8E00,#31AA75,#31AA75,#31AA75,#31AA75,#31AA75,#CF3333,#FF8E00,#31AA75,#FF8E00,#FF8E00,Tidak punya,Tahu
GKJ Nanggulan,"Janti Lor RT 60 RW 21, Jatisarono, Nanggulan, Kulon Progo",Daerah Istimewa Yogyakarta,-7.769976,110.209807,275,Covid 19,Gempa bumi,Konflik sosial,Punya,Punya,Punya,Ya,Ya,Tidak Punya,Belum Teruji,Ringan,Terdampak tetapi masih ada pada tempatnya,Tidak,Punya,Tidak punya,Tidak punya,Punya,Tidak,Tidak,Ya,Tidak,Tidak,Insidental dan alokasi anggaran bulanan khusus bencana,BNPB/BPBD,Ya,Ya,Siap,Tidak,Ya,"Teologi Bencana (Church and Community Transformation Resilience Approach-CCT), Rencana Kontijensi Bencana (rencana gereja bergerak bersama jejaring seperti pelatihan dengan BPBD/BNPB/LSM/SAR, dll.), Simulasi menghadapi bencana","Teologi Bencana (Church and Community Transformation Resilience Approach-CCT), Rencana Kontijensi Bencana (rencana gereja bergerak bersama jejaring seperti pelatihan dengan BPBD/BNPB/LSM/SAR, dll.), Simulasi menghadapi bencana",Tidak,Pendataan penyintas COVID-19,Tidak,Kentongan,"BPBD/BNPB, PMI, Kelompok masyarakat peduli bencana","Minggu, 19 September 2021",#31AA75,#31AA75,#31AA75,#31AA75,#31AA75,#31AA75,#31AA75,#31AA75,#31AA75,#FF8E00,#31AA75,#FF8E00,#FF8E00,Tidak punya,Tahu
GKJ Samigaluh,"Jl. Samigaluh - Loano, Karang, Gerbosari, Samigaluh, Kabupaten Kulon Progo",Daerah Istimewa Yogyakarta,-7.6718597,110.1493926,65,tanah longsor,kekeRingan,Tidak Ada,Tidak punya,Tidak punya,Tidak punya,Ya,Ya,Tidak punya,Belum Teruji,Tidak Ada,Tidak terdampak,Tidak,Punya,Punya,Tidak punya,Tidak punya,Tidak,Ya,Tidak,Tidak,Tidak,Insidental (penggalangan dana/persembahan bencana),belum pernah,Ya,Ya,Sedikit siap,Tidak,Ya,"Pelatihan Pertolongan Pertama pada Gawat Darurat (PPGD), Simulasi menghadapi bencana","Pelatihan Pertolongan Pertama pada Gawat Darurat (PPGD), Simulasi menghadapi bencana",Tidak,"Pendataan kelompok rentan (disabilitas, lansia, ibu hamil, dan anak-anak), Pendataan ekonomi jemaat (tingkat perekonomian jemaat, bagaimana cara jemaat mengatasi perubahan kebutuhan ekonomi disaat pandemi), Pendataan pekerjaan/kegiatan usaha jemaat",Tidak,Alat pengeras suara,"BPBD/BNPB, SAR, PMI","Minggu, 19 September 2021",#31AA75,#31AA75,#FF8E00,#31AA75,#31AA75,#31AA75,#31AA75,#31AA75,#CF3333,#FF8E00,#31AA75,#FF8E00,#FF8E00,Tidak punya,Tahu
GKJ Sentolo,"Jl. A. Yani No. 56 Siwalan, Sentolo, Sentolo, Kulon Progo",Daerah Istimewa Yogyakarta,-7.8430277,110.2161573,408,KekeRingan,Gempa Bumi,Konflik Sosial,Tidak punya,Tidak punya,Tidak punya,Ya,Ya,Tidak punya,Tidak,Tidak Ada,Terdampak tetapi masih ada pada tempatnya,Ya,Tidak punya,Tidak punya,Tidak punya,Punya,Tidak,Tidak,Tidak,Tidak,Tidak,Insidental (penggalangan dana/persembahan bencana),"FKUB (Forum Kerukunan Umat Beragama), tidak pernah",Tidak,Tidak,Tidak siap,Tidak,Tidak,"Pelatihan Pertolongan Pertama pada Gawat Darurat (PPGD), Manajemen Barak, Teologi Bencana (Church and Community Transformation Resilience Approach-CCT), Rencana Kontijensi Bencana (rencana gereja bergerak bersama jejaring seperti pelatihan dengan BPBD/BNPB/LSM/SAR, dll.), Simulasi menghadapi bencana, Perubahan iklim dan dampaknya, lingkungan, kualitas, dan kelestarian, Interaksi dan konflik sosial, Disabilitas dan inklusi, Keterampilan psikososial dalam penanganan korban bencana, Pelatihan pengelolaan dana dan bantuan, Epidemi dan wabah penyakit, Terorisme","Pelatihan Pertolongan Pertama pada Gawat Darurat (PPGD), Manajemen Barak, Teologi Bencana (Church and Community Transformation Resilience Approach-CCT), Rencana Kontijensi Bencana (rencana gereja bergerak bersama jejaring seperti pelatihan dengan BPBD/BNPB/LSM/SAR, dll.), Simulasi menghadapi bencana, Perubahan iklim dan dampaknya, lingkungan, kualitas, dan kelestarian, Interaksi dan konflik sosial, Disabilitas dan inklusi, Keterampilan psikososial dalam penanganan korban bencana, Pelatihan pengelolaan dana dan bantuan, Epidemi dan wabah penyakit, Terorisme",Tidak,Tidak Ada,Tidak,"Alat pengeras suara, Genset","BPBD/BNPB, SAR, Kelompok masyarakat peduli bencana","Kamis, 23/09/2021",#FF8E00,#31AA75,#CF3333,#31AA75,#31AA75,#31AA75,#31AA75,#31AA75,#31AA75,#FF8E00,#31AA75,#FF8E00,#FF8E00,Tidak punya,Tidak Tahu
GKJ Wates Selatan,"Pedukuhan 2 Depok, Depok, Panjatan, Kulon Progo, Yogyakarta",Daerah Istimewa Yogyakarta,-7.9105136,110.1593586,511,Banjir,Tsunami,Gempa bumi,Punya,Punya,Tidak punya,Ya,Ya,Tidak Punya,Ya,Tidak Ada,Tidak terdampak,Tidak,Punya,Punya,Punya,Punya,Ya,Ya,Tidak,Tidak,Ya,Insidental (penggalangan dana/persembahan bencana),"BNPB/BPBD, PMI/SAR/ Damkar (Pemadam Kebakaran)",Tidak,Ya,Sedikit siap,Ya,Ya,"Pelatihan Pertolongan Pertama pada Gawat Darurat (PPGD), Rencana Kontijensi Bencana (rencana gereja bergerak bersama jejaring seperti pelatihan dengan BPBD/BNPB/LSM/SAR, dll.), Simulasi menghadapi bencana, Pelatihan pengelolaan dana dan bantuan, Epidemi dan wabah penyakit","Pelatihan Pertolongan Pertama pada Gawat Darurat (PPGD), Rencana Kontijensi Bencana (rencana gereja bergerak bersama jejaring seperti pelatihan dengan BPBD/BNPB/LSM/SAR, dll.), Simulasi menghadapi bencana, Pelatihan pengelolaan dana dan bantuan, Epidemi dan wabah penyakit",Tidak,"Pendataan kelompok rentan (disabilitas, lansia, ibu hamil, dan anak-anak), Pendataan golongan darah, Pendataan penyintas COVID-19, Pendataan ekonomi jemaat (tingkat perekonomian jemaat, bagaimana cara jemaat mengatasi perubahan kebutuhan ekonomi disaat pandemi), Pendataan pekerjaan/kegiatan usaha jemaat","Ya, 1-2 tahun","Peluit, Helm, Lampu senter, Lampu darurat, Rompi, Kotak P3K, Alat pengeras suara, Safety Box berisi dokumen penting, Genset","BPBD/BNPB, PMI, Kelompok masyarakat peduli bencana","Sabtu, 25 September 2021",#F7EA00,#31AA75,#31AA75,#FF8E00,#31AA75,#31AA75,#31AA75,#31AA75,#31AA75,#FF8E00,#31AA75,#FF8E00,#FF8E00,Punya,Tahu
GKJ Palihan,"Jln. Dandeles, Temon,  Kulonprogo",Daerah Istimewa Yogyakarta,-7.8950822,110.0533276,700,Tidak Ada,Tidak Ada ,Tidak Ada,Tidak punya,Tidak Punya,Punya,Ya,Ya,Tidak Punya,Belum Teruji,Tidak Ada,Belum pernah,Tidak,Tidak punya,Tidak punya,Tidak punya,Punya,Tidak,Ya,Tidak,Tidak,Tidak,Insidental (penggalangan dana/persembahan bencana),Klasis,Ya,Tidak,Sedikit siap,Tidak,Ya,"Rencana Kontijensi Bencana (rencana gereja bergerak bersama jejaring seperti pelatihan dengan BPBD/BNPB/LSM/SAR, dll.), Simulasi menghadapi bencana, Epidemi dan wabah penyakit","Rencana Kontijensi Bencana (rencana gereja bergerak bersama jejaring seperti pelatihan dengan BPBD/BNPB/LSM/SAR, dll.), Simulasi menghadapi bencana, Epidemi dan wabah penyakit",Tidak,Tidak Ada,Tidak,Genset,Pemerintah Desa,"Selasa, 21 September 2021",#31AA75,#31AA75,#31AA75,#31AA75,#31AA75,#31AA75,#31AA75,#31AA75,#31AA75,#FF8E00,#31AA75,#FF8E00,#FF8E00,Tidak punya,Tidak Tahu
GKJ Plono,"Plono Timur, Pagerharjo, Samigaluh, Kulon Progo, DIY, 666573",Daerah Istimewa Yogyakarta,-7.6666766,110.141947,130,alam,non alam,-,Tidak punya,Tidak punya,Tidak Punya,Ya,Ya,Tidak Punya,Ya,Ringan,Terdampak tetapi masih ada pada tempatnya,Tidak,Tidak punya,Tidak punya,Tidak punya,Punya,Tidak,Ya,Ya,Tidak,Tidak,Insidental (penggalangan dana/persembahan bencana),-,Tidak,Ya,Siap,Tidak,Ya,"Simulasi menghadapi bencana, Interaksi dan konflik sosial, Pelatihan pengelolaan dana dan bantuan, Epidemi dan wabah penyakit","Simulasi menghadapi bencana, Interaksi dan konflik sosial, Pelatihan pengelolaan dana dan bantuan, Epidemi dan wabah penyakit",Tidak,Pendataan penyintas COVID-19,Tidak,Genset,Kelompok masyarakat peduli bencana,"Jumat, 1 Oktober 2021",#31AA75,#31AA75,#31AA75,#31AA75,#31AA75,#31AA75,#31AA75,#31AA75,#31AA75,#FF8E00,#31AA75,#FF8E00,#FF8E00,Tidak punya,Tahu
GKJ Kalipenten,"Tegowanu, Kaliagung, Sentolo, Kulon Progo, ",Daerah Istimewa Yogyakarta,-7.828535,110.187523,190,Longsor,Pandemi covid 19,Puting beliung,Tidak Punya,Tidak Punya,Tidak punya,Ya,Ya,Tidak punya,Belum Teruji,Ringan,Terdampak tetapi masih ada pada tempatnya,Tidak,Tidak punya,Tidak punya,Tidak punya,Punya,Ya,Tidak,Ya,Tidak,Tidak,Insidental (penggalangan dana/persembahan bencana),TNI/POLRI,Ya,Ya,Sedikit siap,Ya,Ya,Teologi Bencana (Church and Community Transformation Resilience Approach-CCT),Teologi Bencana (Church and Community Transformation Resilience Approach-CCT),Tidak,"Pendataan kelompok rentan (disabilitas, lansia, ibu hamil, dan anak-anak), Pendataan golongan darah, Pendataan penyintas COVID-19",Tidak,Tidak Ada,"BPBD/BNPB, SAR, Kelompok masyarakat peduli bencana","Rabu, 6 okt 2021",#31AA75,#31AA75,#31AA75,#31AA75,#31AA75,#31AA75,#31AA75,#31AA75,#CF3333,#FF8E00,#31AA75,#FF8E00,#FF8E00,Tidak punya,Tahu
GKJ Ngulakan,"Sindon, Hargorejo Kokap Kulon Progo ",Daerah Istimewa Yogyakarta,-7.868363,110.123667,390,Tanah Longsor,Epidemi,Kebebasan Beribadah,Punya,Punya,Punya,Ya,Ya,Tidak Punya,Ya,Ringan,Tidak terdampak,Tidak,Tidak punya,Tidak punya,Punya,Punya,Ya,Ya,Ya,Ya,Ya,Insidental dan alokasi anggaran bulanan khusus bencana,"BNPB/BPBD, PMI/SAR/ Damkar (Pemadam Kebakaran), LSM/NGO",Tidak,Ya,Siap,Ya,Ya,"Pelatihan Pertolongan Pertama pada Gawat Darurat (PPGD), Manajemen Barak, Rencana Kontijensi Bencana (rencana gereja bergerak bersama jejaring seperti pelatihan dengan BPBD/BNPB/LSM/SAR, dll.), Simulasi menghadapi bencana, Interaksi dan konflik sosial, Keterampilan psikososial dalam penanganan korban bencana, Pelatihan pengelolaan dana dan bantuan, Epidemi dan wabah penyakit","Pelatihan Pertolongan Pertama pada Gawat Darurat (PPGD), Manajemen Barak, Rencana Kontijensi Bencana (rencana gereja bergerak bersama jejaring seperti pelatihan dengan BPBD/BNPB/LSM/SAR, dll.), Simulasi menghadapi bencana, Interaksi dan konflik sosial, Keterampilan psikososial dalam penanganan korban bencana, Pelatihan pengelolaan dana dan bantuan, Epidemi dan wabah penyakit",Tidak,"Pendataan kelompok rentan (disabilitas, lansia, ibu hamil, dan anak-anak)","Ya, 1-2 tahun",Kotak P3K,"BPBD/BNPB, SAR, LSM/NGO Kebencanaan, PMI, Kelompok masyarakat peduli bencana","Jumat, 1 Oktober 2021",#31AA75,#31AA75,#31AA75,#31AA75,#31AA75,#31AA75,#31AA75,#31AA75,#CF3333,#FF8E00,#31AA75,#FF8E00,#FF8E00,Punya,Tahu
GKJ Minomartani,Jln Bandeng VIII/I Minomartani,Daerah Istimewa Yogyakarta,-7.738251843,110.4082971,463,Tawuran,Gak ada,Gak ada,Tidak Punya,Tidak Punya,Punya,Ya,Ya,Punya,Ya,Ringan,Terdampak tetapi masih ada pada tempatnya,Tidak,Punya,Punya,Punya,Punya,Ya,Ya,Ya,Tidak,Ya,Insidental dan alokasi anggaran bulanan khusus bencana,"PMI/SAR/ Damkar (Pemadam Kebakaran), LSM/NGO",Tidak,Tidak,Sedikit siap,Ya,Ya,"Manajemen Barak, Rencana Kontijensi Bencana (rencana gereja bergerak bersama jejaring seperti pelatihan dengan BPBD/BNPB/LSM/SAR, dll.)","Manajemen Barak, Rencana Kontijensi Bencana (rencana gereja bergerak bersama jejaring seperti pelatihan dengan BPBD/BNPB/LSM/SAR, dll.)",Tidak,"Pendataan golongan darah, Pendataan penyintas COVID-19","Ya, 1-2 tahun","Lampu senter, Kotak P3K, Peralatan balut bidai, Genset","SAR, PMI, Kelompok masyarakat peduli bencana",Rabo 15 September 2021,#31AA75,#31AA75,#31AA75,#31AA75,#31AA75,#31AA75,#31AA75,#31AA75,#31AA75,#FF8E00,#31AA75,#FF8E00,#FF8E00,Punya,Tahu
GKJ tulung,Tulung tamanmartani kalasan sleman,Daerah Istimewa Yogyakarta,-7.7366172,110.47991,200,alam,non alam,sosial,Punya,Punya,Punya,Ya,Ya,Punya,Ya,Tidak Ada,Tidak terdampak,Tidak,Punya,Punya,Punya,Punya,Ya,Ya,Ya,Ya,Ya,Insidental dan alokasi anggaran bulanan khusus bencana,BNPB/BPBD,Ya,Ya,Siap,Ya,Ya,"Manajemen Barak, Rencana Kontijensi Bencana (rencana gereja bergerak bersama jejaring seperti pelatihan dengan BPBD/BNPB/LSM/SAR, dll.)","Manajemen Barak, Rencana Kontijensi Bencana (rencana gereja bergerak bersama jejaring seperti pelatihan dengan BPBD/BNPB/LSM/SAR, dll.)",Ya,"Pendataan kelompok rentan (disabilitas, lansia, ibu hamil, dan anak-anak), Pendataan penyintas COVID-19","Ya, 1-2 tahun","Lampu senter, Lampu darurat, Kotak P3K, Alat pemadam kebakaran, Alat pengeras suara, Genset","BPBD/BNPB, SAR, Kelompok masyarakat peduli bencana","rabu, 15/09/2021",#31AA75,#31AA75,#31AA75,#31AA75,#31AA75,#31AA75,#31AA75,#31AA75,#31AA75,#FF8E00,#31AA75,#FF8E00,#FF8E00,Punya,Tahu
GKJ Karangbendo,Jl. Sukun Gg. Kamboja 96 Karangbendo Banguntapan Bantul Yogyakarta 55198,Daerah Istimewa Yogyakarta,-7.785419,110.4113498,565,Gempa Bumi,Covid-19,Angin Topan/Angin Kencang,Punya,Punya,Punya,Ya,Ya,Tidak Punya,Ya,Ringan,Tidak terdampak,Tidak,Punya,Punya,Punya,Punya,Ya,Ya,Ya,Tidak,Ya,Alokasi anggaran khusus bencana (diambilkan dari persembahan bulan khusus bencana),"PMI/SAR/ Damkar (Pemadam Kebakaran), LSM/NGO",Ya,Ya,Siap,Ya,Ya,"Pelatihan Pertolongan Pertama pada Gawat Darurat (PPGD), Rencana Kontijensi Bencana (rencana gereja bergerak bersama jejaring seperti pelatihan dengan BPBD/BNPB/LSM/SAR, dll.), Simulasi menghadapi bencana","Pelatihan Pertolongan Pertama pada Gawat Darurat (PPGD), Rencana Kontijensi Bencana (rencana gereja bergerak bersama jejaring seperti pelatihan dengan BPBD/BNPB/LSM/SAR, dll.), Simulasi menghadapi bencana",Tidak,Pendataan pekerjaan/kegiatan usaha jemaat,Tidak,"Peluit, Helm, Lampu senter, Rompi, Kotak P3K, Peralatan balut bidai, Alat pemadam kebakaran, Safety Box berisi dokumen penting, Genset","SAR, LSM/NGO Kebencanaan, PMI","Kamis, 16 September 2021",#31AA75,#31AA75,#31AA75,#31AA75,#31AA75,#31AA75,#31AA75,#31AA75,#31AA75,#FF8E00,#31AA75,#FF8E00,#FF8E00,Punya,Tahu
GKJ Tanjungtirto,Kaliajir Kalitirto Berbah Sleman 55573,Daerah Istimewa Yogyakarta,-7.786966,110.463414,533,angin kencang,gempa bumi,covid,Tidak Punya,Punya,Tidak punya,Ya,Ya,Punya,Ya,Ringan,Tidak terdampak,Tidak,Tidak punya,Tidak punya,Tidak punya,Punya,Ya,Ya,Ya,Tidak,Tidak,Insidental dan alokasi anggaran bulanan khusus bencana,-,Tidak,Ya,Sedikit siap,Ya,Ya,"Pelatihan Pertolongan Pertama pada Gawat Darurat (PPGD), Rencana Kontijensi Bencana (rencana gereja bergerak bersama jejaring seperti pelatihan dengan BPBD/BNPB/LSM/SAR, dll.), Simulasi menghadapi bencana","Pelatihan Pertolongan Pertama pada Gawat Darurat (PPGD), Rencana Kontijensi Bencana (rencana gereja bergerak bersama jejaring seperti pelatihan dengan BPBD/BNPB/LSM/SAR, dll.), Simulasi menghadapi bencana",Tidak,"Pendataan penyintas COVID-19, Pendataan pekerjaan/kegiatan usaha jemaat",Tidak,"Kotak P3K, Alat pemadam kebakaran, Genset",PMI,"Jumat, 17 Sept 2021",#FF8E00,#31AA75,#31AA75,#31AA75,#31AA75,#31AA75,#31AA75,#31AA75,#31AA75,#FF8E00,#31AA75,#FF8E00,#FF8E00,Tidak punya,Tahu
GKJ Ambarrukma,"Jl. Ampel, No. 4, PapRingan, Catur Tunggal, Depok, Sleman",Daerah Istimewa Yogyakarta,-7.779824,110.39461,1200,Angin puting beliung,Epidemi dan wabah penyakit,Konflik sosial antar kelompok/ antar komunitas masyarakat,Tidak Punya,Tidak Punya,Tidak Punya,Ya,Ya,Punya,Ya,Ringan,Terdampak tetapi masih ada pada tempatnya,Tidak,Punya,Punya,Punya,Punya,Ya,Ya,Ya,Ya,Ya,Insidental dan alokasi anggaran bulanan khusus bencana,"TNI/POLRI, BNPB/BPBD, PMI/SAR/ Damkar (Pemadam Kebakaran)",Ya,Ya,Siap,Ya,Ya,"Pelatihan Pertolongan Pertama pada Gawat Darurat (PPGD), Rencana Kontijensi Bencana (rencana gereja bergerak bersama jejaring seperti pelatihan dengan BPBD/BNPB/LSM/SAR, dll.), Simulasi menghadapi bencana","Pelatihan Pertolongan Pertama pada Gawat Darurat (PPGD), Rencana Kontijensi Bencana (rencana gereja bergerak bersama jejaring seperti pelatihan dengan BPBD/BNPB/LSM/SAR, dll.), Simulasi menghadapi bencana",Tidak,"Pendataan kelompok rentan (disabilitas, lansia, ibu hamil, dan anak-anak), Pendataan golongan darah, Pendataan ekonomi jemaat (tingkat perekonomian jemaat, bagaimana cara jemaat mengatasi perubahan kebutuhan ekonomi disaat pandemi)","Ya, > 2 tahun","Peluit, Lampu senter, Lampu darurat, Rompi, Kotak P3K, Peralatan balut bidai, Tandu, Genset","BPBD/BNPB, SAR, Kelompok masyarakat peduli bencana","Jumat, 17 September 2021",#31AA75,#31AA75,#31AA75,#31AA75,#31AA75,#31AA75,#31AA75,#31AA75,#31AA75,#FF8E00,#31AA75,#FF8E00,#FF8E00,Punya,Tahu
GKJ Sarimulyo,"Pandega Bakti no 20A, Caturtunggal, Depok, Sleman",Daerah Istimewa Yogyakarta,-7.7560023,110.3802323,800,wabah pandemi,gunung meletus,terorisme,Punya,Punya,Tidak punya,Ya,Ya,Tidak Punya,Ya,Tidak Ada,Terdampak tetapi masih ada pada tempatnya,Tidak,Punya,Punya,Punya,Punya,Ya,Ya,Ya,Ya,Ya,Insidental dan alokasi anggaran bulanan khusus bencana,"TNI/POLRI, BNPB/BPBD, PMI/SAR/ Damkar (Pemadam Kebakaran), FKUB (Forum Kerukunan Umat Beragama), LSM/NGO",Ya,Ya,Sedikit siap,Ya,Ya,"Simulasi menghadapi bencana, Perubahan iklim dan dampaknya, lingkungan, kualitas, dan kelestarian, Keterampilan psikososial dalam penanganan korban bencana, Epidemi dan wabah penyakit, Terorisme","Simulasi menghadapi bencana, Perubahan iklim dan dampaknya, lingkungan, kualitas, dan kelestarian, Keterampilan psikososial dalam penanganan korban bencana, Epidemi dan wabah penyakit, Terorisme",Tidak,"Pendataan kelompok rentan (disabilitas, lansia, ibu hamil, dan anak-anak), Pendataan golongan darah, Pendataan penyintas COVID-19, Pendataan ekonomi jemaat (tingkat perekonomian jemaat, bagaimana cara jemaat mengatasi perubahan kebutuhan ekonomi disaat pandemi), Pendataan pekerjaan/kegiatan usaha jemaat","Ya, 1-2 tahun","Kotak P3K, Tandu, Alat pemadam kebakaran, Alat pengeras suara, Safety Box berisi dokumen penting, Genset, Ambulans","BPBD/BNPB, PMI, Universitas/lembaga pendidikan","Jumat, 17 September 2021",#31AA75,#31AA75,#31AA75,#31AA75,#31AA75,#31AA75,#31AA75,#FF8E00,#31AA75,#FF8E00,#31AA75,#FF8E00,#FF8E00,Punya,Tahu
GKJ Samironobaru,Kepuh GK 3/ 905 Yk,Daerah Istimewa Yogyakarta,-7.7803074,110.3832321,986,"Gempa bumi, gunung meletus, putingbeliung",Pandemi Covid-19,Kebebasan beribadah,Punya,Punya,Punya,Ya,Ya,Punya,Ya,Ringan,Terdampak tetapi masih ada pada tempatnya,Tidak,Punya,Punya,Punya,Punya,Ya,Ya,Ya,Ya,Ya,Insidental (penggalangan dana/persembahan bencana),"BNPB/BPBD, FKUB (Forum Kerukunan Umat Beragama)",Tidak,Tidak,Siap,Ya,Ya,"Pelatihan Pertolongan Pertama pada Gawat Darurat (PPGD), Teologi Bencana (Church and Community Transformation Resilience Approach-CCT), Rencana Kontijensi Bencana (rencana gereja bergerak bersama jejaring seperti pelatihan dengan BPBD/BNPB/LSM/SAR, dll.), Simulasi menghadapi bencana, Perubahan iklim dan dampaknya, lingkungan, kualitas, dan kelestarian","Pelatihan Pertolongan Pertama pada Gawat Darurat (PPGD), Teologi Bencana (Church and Community Transformation Resilience Approach-CCT), Rencana Kontijensi Bencana (rencana gereja bergerak bersama jejaring seperti pelatihan dengan BPBD/BNPB/LSM/SAR, dll.), Simulasi menghadapi bencana, Perubahan iklim dan dampaknya, lingkungan, kualitas, dan kelestarian",Ya,"Pendataan kelompok rentan (disabilitas, lansia, ibu hamil, dan anak-anak), Pendataan golongan darah, Pendataan penyintas COVID-19, Pendataan ekonomi jemaat (tingkat perekonomian jemaat, bagaimana cara jemaat mengatasi perubahan kebutuhan ekonomi disaat pandemi), Pendataan pekerjaan/kegiatan usaha jemaat",Pernah tapi belum dicoba simulasikan di gereja,"Peluit, Lampu senter, Kotak P3K, Alat pemadam kebakaran, Alat pengeras suara","BPBD/BNPB, Kelompok masyarakat peduli bencana","Sabtu, 18-09-2021",#CF3333,#31AA75,#31AA75,#31AA75,#31AA75,#31AA75,#31AA75,#CF3333,#31AA75,#FF8E00,#31AA75,#FF8E00,#FF8E00,Punya,Tahu
GKJ Pakem,"Jl. Kaliurang Km 18,5 Kertodadi, Pakem, Sleman, Yogyakarta, 55582 | Telp. : (0274) 895431",Daerah Istimewa Yogyakarta,-7.6536499,110.421017,925,Bencana Alam (gunung meletus),Bencana Non-alam (pandemi covid 19),Bencana Sosial (kebebasan beragama di sekolah),Punya,Punya,Punya,Ya,Ya,Punya,Ya,Tidak Ada,Terdampak tetapi masih ada pada tempatnya,Tidak,Punya,Punya,Tidak punya,Punya,Ya,Ya,Ya,Tidak,Ya,Insidental dan alokasi anggaran bulanan khusus bencana,"BNPB/BPBD, PMI/SAR/ Damkar (Pemadam Kebakaran), LSM/NGO",Tidak,Ya,Siap,Ya,Ya,"Pelatihan Pertolongan Pertama pada Gawat Darurat (PPGD), Teologi Bencana (Church and Community Transformation Resilience Approach-CCT), Rencana Kontijensi Bencana (rencana gereja bergerak bersama jejaring seperti pelatihan dengan BPBD/BNPB/LSM/SAR, dll.), Perubahan iklim dan dampaknya, lingkungan, kualitas, dan kelestarian, Epidemi dan wabah penyakit, Terorisme","Pelatihan Pertolongan Pertama pada Gawat Darurat (PPGD), Teologi Bencana (Church and Community Transformation Resilience Approach-CCT), Rencana Kontijensi Bencana (rencana gereja bergerak bersama jejaring seperti pelatihan dengan BPBD/BNPB/LSM/SAR, dll.), Perubahan iklim dan dampaknya, lingkungan, kualitas, dan kelestarian, Epidemi dan wabah penyakit, Terorisme",Ya,"Pendataan golongan darah, Pendataan penyintas COVID-19, Pendataan pekerjaan/kegiatan usaha jemaat","Ya, 1-2 tahun","Peluit, Lampu senter, Lampu darurat, Rompi, Kotak P3K, Alat pemadam kebakaran, Alat pengeras suara, Safety Box berisi dokumen penting, Genset, HT,kursi roda,masker ","BPBD/BNPB, SAR, PMI","Rabu,22 September 2021",#31AA75,#31AA75,#31AA75,#31AA75,#31AA75,#31AA75,#31AA75,#31AA75,#31AA75,#FF8E00,#31AA75,#FF8E00,#FF8E00,Tidak punya,Tahu
GKJ Condongcatur,Jl. Wijayakusuma II/344 Perumnas Condongcatur Depok Sleman ,Daerah Istimewa Yogyakarta,-7.754939,110.4061164,712,Konflik sosial antar kelompok/antar komunitas masyarakat,Gunung meletus,Epidemi dan wabah penyakit,Punya,Punya,Punya,Ya,Ya,Tidak Punya,Tidak,Ringan,Terdampak tetapi masih ada pada tempatnya,Tidak,Punya,Punya,Punya,Punya,Ya,Ya,Ya,Tidak,Ya,Insidental dan alokasi anggaran bulanan khusus bencana,"TNI/POLRI, BNPB/BPBD, PMI/SAR/ Damkar (Pemadam Kebakaran), LSM/NGO",Ya,Ya,Siap,Ya,Ya,"Pelatihan Pertolongan Pertama pada Gawat Darurat (PPGD), Manajemen Barak, Teologi Bencana (Church and Community Transformation Resilience Approach-CCT), Rencana Kontijensi Bencana (rencana gereja bergerak bersama jejaring seperti pelatihan dengan BPBD/BNPB/LSM/SAR, dll.), Simulasi menghadapi bencana, Perubahan iklim dan dampaknya, lingkungan, kualitas, dan kelestarian, Interaksi dan konflik sosial, Disabilitas dan inklusi, Keterampilan psikososial dalam penanganan korban bencana, Pelatihan pengelolaan dana dan bantuan, Epidemi dan wabah penyakit, Terorisme","Pelatihan Pertolongan Pertama pada Gawat Darurat (PPGD), Manajemen Barak, Teologi Bencana (Church and Community Transformation Resilience Approach-CCT), Rencana Kontijensi Bencana (rencana gereja bergerak bersama jejaring seperti pelatihan dengan BPBD/BNPB/LSM/SAR, dll.), Simulasi menghadapi bencana, Perubahan iklim dan dampaknya, lingkungan, kualitas, dan kelestarian, Interaksi dan konflik sosial, Disabilitas dan inklusi, Keterampilan psikososial dalam penanganan korban bencana, Pelatihan pengelolaan dana dan bantuan, Epidemi dan wabah penyakit, Terorisme",Tidak,"Pendataan kelompok rentan (disabilitas, lansia, ibu hamil, dan anak-anak), Pendataan golongan darah, Pendataan penyintas COVID-19, Pendataan ekonomi jemaat (tingkat perekonomian jemaat, bagaimana cara jemaat mengatasi perubahan kebutuhan ekonomi disaat pandemi)","Ya, > 2 tahun","Peluit, Helm, Lampu senter, Lampu darurat, Rompi, Kotak P3K, Peralatan balut bidai, Tandu, Alat pemadam kebakaran, Alat pengeras suara","BPBD/BNPB, SAR, Kelompok masyarakat peduli bencana",24/09/2021,#FF8E00,#31AA75,#31AA75,#31AA75,#31AA75,#31AA75,#31AA75,#CF3333,#31AA75,#FF8E00,#31AA75,#FF8E00,#FF8E00,Punya,Tahu
GKJ Maguwoharjo,Kembang RT 05 RW 39 Maguwoharjo Depok Sleman DIY,Daerah Istimewa Yogyakarta,-7.7814169,110.4301235,750,Gempa,Kemacetan lalulintas,Provokasi yang tidak benar,Tidak Punya,Tidak Punya,Tidak punya,Ya,Ya,Punya,Ya,Ringan,Terdampak tetapi masih ada pada tempatnya,Tidak,Punya,Punya,Punya,Punya,Ya,Ya,Ya,Ya,Ya,Insidental dan alokasi anggaran bulanan khusus bencana,BNPB/BPBD,Ya,Ya,Siap,Ya,Ya,"Pelatihan Pertolongan Pertama pada Gawat Darurat (PPGD), Teologi Bencana (Church and Community Transformation Resilience Approach-CCT), Rencana Kontijensi Bencana (rencana gereja bergerak bersama jejaring seperti pelatihan dengan BPBD/BNPB/LSM/SAR, dll.), Simulasi menghadapi bencana, Pelatihan pengelolaan dana dan bantuan, Epidemi dan wabah penyakit","Pelatihan Pertolongan Pertama pada Gawat Darurat (PPGD), Teologi Bencana (Church and Community Transformation Resilience Approach-CCT), Rencana Kontijensi Bencana (rencana gereja bergerak bersama jejaring seperti pelatihan dengan BPBD/BNPB/LSM/SAR, dll.), Simulasi menghadapi bencana, Pelatihan pengelolaan dana dan bantuan, Epidemi dan wabah penyakit",Ya,"Pendataan kelompok rentan (disabilitas, lansia, ibu hamil, dan anak-anak), Pendataan golongan darah, Pendataan penyintas COVID-19, Pendataan pekerjaan/kegiatan usaha jemaat","Ya, 1-2 tahun","Peluit, Helm, Lampu senter, Lampu darurat, Kotak P3K, Peralatan balut bidai, Alat pemadam kebakaran, Alat pengeras suara, Safety Box berisi dokumen penting, Genset","BPBD/BNPB, SAR, LSM/NGO Kebencanaan, Kelompok masyarakat peduli bencana",Sabtu 25 September 2021 (stlh dibahas dlm rapat majelis),#CF3333,#31AA75,#31AA75,#31AA75,#F7EA00,#31AA75,#31AA75,#31AA75,#31AA75,#FF8E00,#31AA75,#FF8E00,#FF8E00,Punya,Tahu
GKJ Dayu,"Pusung, Sinduharjo, Ngaglik, Sleman. (Jl. Damai, Pusung, Pedukuhan Banteng, Kelurahan Sinduharjo, Kapanewon Ngaglik, Kabupaten Sleman)",Daerah Istimewa Yogyakarta,-7.7335837,110.3848951,856,alam,non-alam,sosial,Punya,Punya,Tidak punya,Ya,Ya,Punya,Belum Teruji,Tidak Ada,Terdampak tetapi masih ada pada tempatnya,Tidak,Tidak punya,Tidak punya,Tidak punya,Punya,Ya,Ya,Ya,Ya,Ya,Insidental dan alokasi anggaran bulanan khusus bencana,LSM/NGO,Ya,Ya,Siap,Ya,Ya,"Pelatihan Pertolongan Pertama pada Gawat Darurat (PPGD), Manajemen Barak, Teologi Bencana (Church and Community Transformation Resilience Approach-CCT), Rencana Kontijensi Bencana (rencana gereja bergerak bersama jejaring seperti pelatihan dengan BPBD/BNPB/LSM/SAR, dll.), Simulasi menghadapi bencana, Perubahan iklim dan dampaknya, lingkungan, kualitas, dan kelestarian, Interaksi dan konflik sosial, Disabilitas dan inklusi, Keterampilan psikososial dalam penanganan korban bencana, Pelatihan pengelolaan dana dan bantuan, Epidemi dan wabah penyakit, Terorisme","Pelatihan Pertolongan Pertama pada Gawat Darurat (PPGD), Manajemen Barak, Teologi Bencana (Church and Community Transformation Resilience Approach-CCT), Rencana Kontijensi Bencana (rencana gereja bergerak bersama jejaring seperti pelatihan dengan BPBD/BNPB/LSM/SAR, dll.), Simulasi menghadapi bencana, Perubahan iklim dan dampaknya, lingkungan, kualitas, dan kelestarian, Interaksi dan konflik sosial, Disabilitas dan inklusi, Keterampilan psikososial dalam penanganan korban bencana, Pelatihan pengelolaan dana dan bantuan, Epidemi dan wabah penyakit, Terorisme",Tidak,"Pendataan golongan darah, Pendataan penyintas COVID-19","Ya, > 2 tahun","Peluit, Lampu senter, Lampu darurat, Kotak P3K, Safety Box berisi dokumen penting, Genset",Gugus tugas kebencanaan tingkat kecamatan/ kapanewon.,"Sabtu, 25 Setember 2021",#FF8E00,#31AA75,#F7EA00,#31AA75,#FF8E00,#31AA75,#31AA75,#31AA75,#31AA75,#FF8E00,#31AA75,#FF8E00,#FF8E00,Tidak punya,Tahu
GKJ Demakijo Yogya,"Modinan, Banyuraden, Gamping, Sleman",Daerah Istimewa Yogyakarta,-7.7770458,110.3321059,640,Konflik sosial suporter sepakbola,Angin besar/topan,Gempa bumi,Tidak punya,Punya,Tidak punya,Tidak,Ya,Punya,Ya,Tidak Ada,Terdampak tetapi masih ada pada tempatnya,Tidak,Tidak punya,Tidak punya,Tidak punya,Tidak punya,Ya,Ya,Ya,Tidak,Ya,Insidental (penggalangan dana/persembahan bencana),"PMI/SAR/ Damkar (Pemadam Kebakaran), FKUB (Forum Kerukunan Umat Beragama)",Ya,Ya,Tidak siap,Ya,Ya,"Pelatihan Pertolongan Pertama pada Gawat Darurat (PPGD), Simulasi menghadapi bencana, Interaksi dan konflik sosial, Keterampilan psikososial dalam penanganan korban bencana, Epidemi dan wabah penyakit","Pelatihan Pertolongan Pertama pada Gawat Darurat (PPGD), Simulasi menghadapi bencana, Interaksi dan konflik sosial, Keterampilan psikososial dalam penanganan korban bencana, Epidemi dan wabah penyakit",Tidak,"Pendataan golongan darah, Pendataan penyintas COVID-19, Pendataan ekonomi jemaat (tingkat perekonomian jemaat, bagaimana cara jemaat mengatasi perubahan kebutuhan ekonomi disaat pandemi), Pendataan pekerjaan/kegiatan usaha jemaat",Tidak,"Kotak P3K, Alat pemadam kebakaran, Genset","BPBD/BNPB, SAR","Rabu, 15 September 2021",#FF8E00,#31AA75,#31AA75,#31AA75,#F7EA00,#31AA75,#31AA75,#31AA75,#31AA75,#FF8E00,#31AA75,#FF8E00,#FF8E00,Tidak punya,Tidak Tahu
GKJ Rewulu,"Gancahan V, Sidomulyo, Godean, Sleman",Daerah Istimewa Yogyakarta,-7.7823959,110.2950395,1793,Bencana non-alam,Bencana sosial,Bencana alam,Tidak punya,Tidak punya,Tidak punya,Ya,Ya,Punya,Ya,Ringan,Terdampak tetapi masih ada pada tempatnya,Tidak,Punya,Punya,Tidak punya,Punya,Tidak,Ya,Tidak,Tidak,Tidak,Insidental dan alokasi anggaran bulanan khusus bencana,LSM/NGO,Ya,Ya,Sedikit siap,Tidak,Ya,"Pelatihan Pertolongan Pertama pada Gawat Darurat (PPGD), Simulasi menghadapi bencana, Keterampilan psikososial dalam penanganan korban bencana, Epidemi dan wabah penyakit","Pelatihan Pertolongan Pertama pada Gawat Darurat (PPGD), Simulasi menghadapi bencana, Keterampilan psikososial dalam penanganan korban bencana, Epidemi dan wabah penyakit",Tidak,"Pendataan penyintas COVID-19, Jumlah warga",Tidak,"Lampu senter, Kotak P3K, Alat pemadam kebakaran, Alat pengeras suara, Safety Box berisi dokumen penting, Genset","BPBD/BNPB, SAR","Selasa, 21 September 2021",#F7EA00,#31AA75,#FF8E00,#31AA75,#31AA75,#31AA75,#31AA75,#31AA75,#31AA75,#FF8E00,#31AA75,#FF8E00,#FF8E00,Tidak punya,Tidak Tahu
GKJ Kebonagung,"Pojok V RT 005 RW 011, Sendangagung, Minggir, Sleman",Daerah Istimewa Yogyakarta,-7.724882,110.234615,456,Gempa Bumi,Angin,Covid19,Punya,Punya,Punya,Ya,Ya,Tidak punya,Ya,Tidak Ada,Tidak terdampak,Tidak,Punya,Punya,Punya,Tidak punya,Tidak,Tidak,Tidak,Ya,Ya,Insidental (penggalangan dana/persembahan bencana),"TNI/POLRI, BNPB/BPBD, FKUB (Forum Kerukunan Umat Beragama)",Ya,Ya,Siap,Ya,Ya,"Pelatihan Pertolongan Pertama pada Gawat Darurat (PPGD), Rencana Kontijensi Bencana (rencana gereja bergerak bersama jejaring seperti pelatihan dengan BPBD/BNPB/LSM/SAR, dll.), Simulasi menghadapi bencana, Perubahan iklim dan dampaknya, lingkungan, kualitas, dan kelestarian, Keterampilan psikososial dalam penanganan korban bencana, Terorisme","Pelatihan Pertolongan Pertama pada Gawat Darurat (PPGD), Rencana Kontijensi Bencana (rencana gereja bergerak bersama jejaring seperti pelatihan dengan BPBD/BNPB/LSM/SAR, dll.), Simulasi menghadapi bencana, Perubahan iklim dan dampaknya, lingkungan, kualitas, dan kelestarian, Keterampilan psikososial dalam penanganan korban bencana, Terorisme",Tidak,"Pendataan kelompok rentan (disabilitas, lansia, ibu hamil, dan anak-anak), Pendataan golongan darah, Pendataan penyintas COVID-19","Ya, > 2 tahun","Peluit, Lampu senter, Lampu darurat, Kotak P3K, Alat pengeras suara, Genset","BPBD/BNPB, SAR, LSM/NGO Kebencanaan","Jumat, 24 September 2021",#CF3333,#31AA75,#31AA75,#31AA75,#FF8E00,#31AA75,#31AA75,#31AA75,#31AA75,#FF8E00,#31AA75,#FF8E00,#FF8E00,Punya,Tahu
GKJ Jatimulyo,Jatimulyo TR I/648 Yogyakarta 55242,Daerah Istimewa Yogyakarta,-7.7744356,110.3576278,963,Gunung Meletus,Konflik sosial antar masyarakat,Gempa,Punya,Punya,Tidak Punya,Ya,Ya,Punya,Ya,Ringan,Tidak terdampak,Tidak,Tidak punya,Tidak punya,Punya,Punya,Ya,Ya,Ya,Ya,Ya,Insidental dan alokasi anggaran bulanan khusus bencana,"BNPB/BPBD, BNPT (Badan Nasional Penanganan Terorisme), FKUB (Forum Kerukunan Umat Beragama)",Tidak,Ya,Siap,Ya,Tidak,"Teologi Bencana (Church and Community Transformation Resilience Approach-CCT), Interaksi dan konflik sosial, Disabilitas dan inklusi, Keterampilan psikososial dalam penanganan korban bencana, Terorisme","Teologi Bencana (Church and Community Transformation Resilience Approach-CCT), Interaksi dan konflik sosial, Disabilitas dan inklusi, Keterampilan psikososial dalam penanganan korban bencana, Terorisme",Ya,"Pendataan kelompok rentan (disabilitas, lansia, ibu hamil, dan anak-anak), Pendataan penyintas COVID-19, Pendataan ekonomi jemaat (tingkat perekonomian jemaat, bagaimana cara jemaat mengatasi perubahan kebutuhan ekonomi disaat pandemi)","Ya, > 2 tahun","Helm, Lampu senter, Lampu darurat, Rompi, Kotak P3K, Alat pemadam kebakaran, Alat pengeras suara, Genset","Kelompok masyarakat peduli bencana, Posko tanggap bencana gereja",Senin 11 oktober 2021,#F7EA00,#31AA75,#31AA75,#31AA75,#31AA75,#31AA75,#31AA75,#CF3333,#31AA75,#FF8E00,#31AA75,#FF8E00,#FF8E00,Punya,Tahu
GKJ Wirobrajan,Jl. Bener no. 65 Tegalrejo Yogyakarta,Daerah Istimewa Yogyakarta,-7.8063824,110.3486843,1200,Non alam,Alam,Sosiak,Punya,Punya,Tidak punya,Ya,Ya,Punya,Ya,Tidak Ada,Terdampak tetapi masih ada pada tempatnya,Tidak,Punya,Punya,Punya,Punya,Ya,Ya,Ya,Ya,Ya,Insidental dan alokasi anggaran bulanan khusus bencana,"TNI/POLRI, FKUB (Forum Kerukunan Umat Beragama), Jemaat yang bekerja di Satpol PP",Tidak,Tidak,Siap,Ya,Ya,"Pelatihan Pertolongan Pertama pada Gawat Darurat (PPGD), Teologi Bencana (Church and Community Transformation Resilience Approach-CCT), Rencana Kontijensi Bencana (rencana gereja bergerak bersama jejaring seperti pelatihan dengan BPBD/BNPB/LSM/SAR, dll.), Simulasi menghadapi bencana, Perubahan iklim dan dampaknya, lingkungan, kualitas, dan kelestarian, Interaksi dan konflik sosial, Disabilitas dan inklusi, Keterampilan psikososial dalam penanganan korban bencana, Epidemi dan wabah penyakit, Terorisme","Pelatihan Pertolongan Pertama pada Gawat Darurat (PPGD), Teologi Bencana (Church and Community Transformation Resilience Approach-CCT), Rencana Kontijensi Bencana (rencana gereja bergerak bersama jejaring seperti pelatihan dengan BPBD/BNPB/LSM/SAR, dll.), Simulasi menghadapi bencana, Perubahan iklim dan dampaknya, lingkungan, kualitas, dan kelestarian, Interaksi dan konflik sosial, Disabilitas dan inklusi, Keterampilan psikososial dalam penanganan korban bencana, Epidemi dan wabah penyakit, Terorisme",Ya,"Pendataan kelompok rentan (disabilitas, lansia, ibu hamil, dan anak-anak), Pendataan golongan darah, Pendataan penyintas COVID-19, Pendataan ekonomi jemaat (tingkat perekonomian jemaat, bagaimana cara jemaat mengatasi perubahan kebutuhan ekonomi disaat pandemi), Pendataan pekerjaan/kegiatan usaha jemaat","Ya, > 2 tahun","Peluit, Helm, Lampu senter, Lampu darurat, Rompi, Kotak P3K, Peralatan balut bidai, Alat pemadam kebakaran, Alat pengeras suara, Genset","BPBD/BNPB, SAR, PMI",11/10/2021,#FF8E00,#31AA75,#F7EA00,#31AA75,#31AA75,#31AA75,#31AA75,#31AA75,#31AA75,#FF8E00,#31AA75,#FF8E00,#FF8E00,Punya,Tahu
GKJ mergangsan,jln Taman siswa 166 ,Daerah Istimewa Yogyakarta,-7.815194313,110.3759808,1,bendana non alam,bencana sosial,bencana alam,Punya,Punya,Punya,Ya,Ya,Punya,Ya,Tidak Ada,Tidak terdampak,Tidak,Punya,Punya,Punya,Punya,Ya,Ya,Ya,Ya,Ya,Insidental dan alokasi anggaran bulanan khusus bencana,"PMI/SAR/ Damkar (Pemadam Kebakaran), FKUB (Forum Kerukunan Umat Beragama)",Ya,Ya,Siap,Ya,Ya,"Pelatihan Pertolongan Pertama pada Gawat Darurat (PPGD), Teologi Bencana (Church and Community Transformation Resilience Approach-CCT), Rencana Kontijensi Bencana (rencana gereja bergerak bersama jejaring seperti pelatihan dengan BPBD/BNPB/LSM/SAR, dll.), Simulasi menghadapi bencana, Perubahan iklim dan dampaknya, lingkungan, kualitas, dan kelestarian, Interaksi dan konflik sosial, Disabilitas dan inklusi, Keterampilan psikososial dalam penanganan korban bencana, Pelatihan pengelolaan dana dan bantuan, Epidemi dan wabah penyakit, Terorisme","Pelatihan Pertolongan Pertama pada Gawat Darurat (PPGD), Teologi Bencana (Church and Community Transformation Resilience Approach-CCT), Rencana Kontijensi Bencana (rencana gereja bergerak bersama jejaring seperti pelatihan dengan BPBD/BNPB/LSM/SAR, dll.), Simulasi menghadapi bencana, Perubahan iklim dan dampaknya, lingkungan, kualitas, dan kelestarian, Interaksi dan konflik sosial, Disabilitas dan inklusi, Keterampilan psikososial dalam penanganan korban bencana, Pelatihan pengelolaan dana dan bantuan, Epidemi dan wabah penyakit, Terorisme",Ya,"Pendataan kelompok rentan (disabilitas, lansia, ibu hamil, dan anak-anak), Pendataan golongan darah, Pendataan penyintas COVID-19, Pendataan ekonomi jemaat (tingkat perekonomian jemaat, bagaimana cara jemaat mengatasi perubahan kebutuhan ekonomi disaat pandemi), Pendataan pekerjaan/kegiatan usaha jemaat","Ya, > 2 tahun","Peluit, Helm, Lampu senter, Lampu darurat, Rompi, Kotak P3K, Peralatan balut bidai, Tandu, Alat pemadam kebakaran, Alat pengeras suara, Genset, Ambulans","BPBD/BNPB, SAR, Kelompok masyarakat peduli bencana","rabu, 15 september 2021",#F7EA00,#31AA75,#31AA75,#31AA75,#F7EA00,#31AA75,#31AA75,#31AA75,#31AA75,#FF8E00,#31AA75,#FF8E00,#FF8E00,Punya,Tahu
GKJ Gondokusuman,Jl. dr Wahidin Sudirohusodo no 40 Yogyakarta,Daerah Istimewa Yogyakarta,-7.785587775,110.3790847,2500,Bencana alam,Bencana non alam,Bencana sosial,Punya,Punya,Tidak punya,Ya,Ya,Punya,Ya,Ringan,Tidak terdampak,Tidak,Punya,Punya,Punya,Punya,Ya,Ya,Ya,Ya,Ya,Insidental dan alokasi anggaran bulanan khusus bencana,"TNI/POLRI, BNPB/BPBD, LSM/NGO",Ya,Ya,Sangat siap,Ya,Ya,"Pelatihan Pertolongan Pertama pada Gawat Darurat (PPGD), Manajemen Barak, Rencana Kontijensi Bencana (rencana gereja bergerak bersama jejaring seperti pelatihan dengan BPBD/BNPB/LSM/SAR, dll.), Simulasi menghadapi bencana, Keterampilan psikososial dalam penanganan korban bencana, Terorisme","Pelatihan Pertolongan Pertama pada Gawat Darurat (PPGD), Manajemen Barak, Rencana Kontijensi Bencana (rencana gereja bergerak bersama jejaring seperti pelatihan dengan BPBD/BNPB/LSM/SAR, dll.), Simulasi menghadapi bencana, Keterampilan psikososial dalam penanganan korban bencana, Terorisme",Ya,Pendataan penyintas COVID-19,"Ya, > 2 tahun","Peluit, Lampu senter, Lampu darurat, Rompi, Kotak P3K, Peralatan balut bidai, Tandu, Alat pemadam kebakaran, Alat pengeras suara, Safety Box berisi dokumen penting, Genset, Ambulans","BPBD/BNPB, LSM/NGO Kebencanaan","Kamis, 16 September 2021",#F7EA00,#31AA75,#F7EA00,#31AA75,#FF8E00,#31AA75,#31AA75,#31AA75,#31AA75,#FF8E00,#31AA75,#FF8E00,#FF8E00,Punya,Tahu
GKJ Bantul,"Jln. Mgr.Sugiyopranoto, SJ. 169 Bantul Yogyakarta",Daerah Istimewa Yogyakarta,-7.890926821,110.3341282,787,Konflik sosial,Alam,Non alam,Tidak Punya,Tidak Punya,Tidak punya,Ya,Ya,Punya,Belum Teruji,Tidak Ada,Tidak terdampak,Tidak,Tidak punya,Tidak punya,Tidak punya,Punya,Tidak,Ya,Ya,Tidak,Ya,Insidental dan alokasi anggaran bulanan khusus bencana,BNPB/BPBD,Tidak,Ya,Sedikit siap,Ya,Ya,"Interaksi dan konflik sosial, Keterampilan psikososial dalam penanganan korban bencana","Interaksi dan konflik sosial, Keterampilan psikososial dalam penanganan korban bencana",Tidak,"Pendataan penyintas COVID-19, Pendataan ekonomi jemaat (tingkat perekonomian jemaat, bagaimana cara jemaat mengatasi perubahan kebutuhan ekonomi disaat pandemi), Pendataan pekerjaan/kegiatan usaha jemaat",Tidak,"Peluit, Helm, Lampu senter, Lampu darurat, Rompi, Kotak P3K, Alat pengeras suara, Genset","BPBD/BNPB, Tim Tanggap Bencana Klasis","Jumat,  16 September 2021",#31AA75,#31AA75,#F7EA00,#31AA75,#F7EA00,#31AA75,#31AA75,#31AA75,#31AA75,#FF8E00,#31AA75,#FF8E00,#FF8E00,Tidak punya,Tahu
GKJ Kotagede,Jl. Depokan 184 Kotagede Yogyakarta 55172,Daerah Istimewa Yogyakarta,-7.816828693,110.396844,1359,Banjir,wabah Covid-19,Gempa bumi,Tidak Punya,Punya,Tidak punya,Ya,Ya,Tidak Punya,Belum Teruji,Tidak Ada,Tidak terdampak,Tidak,Punya,Punya,Punya,Punya,Tidak,Ya,Ya,Ya,Tidak,Alokasi anggaran khusus bencana (diambilkan dari persembahan bulan khusus bencana),"FKUB (Forum Kerukunan Umat Beragama), LSM/NGO",Tidak,Ya,Sedikit siap,Ya,Ya,"Pelatihan Pertolongan Pertama pada Gawat Darurat (PPGD), Teologi Bencana (Church and Community Transformation Resilience Approach-CCT), Rencana Kontijensi Bencana (rencana gereja bergerak bersama jejaring seperti pelatihan dengan BPBD/BNPB/LSM/SAR, dll.), Simulasi menghadapi bencana, Interaksi dan konflik sosial, Disabilitas dan inklusi, Keterampilan psikososial dalam penanganan korban bencana, Pelatihan pengelolaan dana dan bantuan, Epidemi dan wabah penyakit","Pelatihan Pertolongan Pertama pada Gawat Darurat (PPGD), Teologi Bencana (Church and Community Transformation Resilience Approach-CCT), Rencana Kontijensi Bencana (rencana gereja bergerak bersama jejaring seperti pelatihan dengan BPBD/BNPB/LSM/SAR, dll.), Simulasi menghadapi bencana, Interaksi dan konflik sosial, Disabilitas dan inklusi, Keterampilan psikososial dalam penanganan korban bencana, Pelatihan pengelolaan dana dan bantuan, Epidemi dan wabah penyakit",Ya,"Pendataan penyintas COVID-19, Pendataan ekonomi jemaat (tingkat perekonomian jemaat, bagaimana cara jemaat mengatasi perubahan kebutuhan ekonomi disaat pandemi)",Tidak,"Peluit, Lampu senter, Rompi, Kotak P3K, Alat pemadam kebakaran, Alat pengeras suara, Genset",SAR,Jumat 17 September 2021,#F7EA00,#31AA75,#F7EA00,#31AA75,#31AA75,#31AA75,#31AA75,#31AA75,#31AA75,#FF8E00,#31AA75,#FF8E00,#FF8E00,Punya,Tahu
GKJ Wonocatur,Jl. Cendrawasih No 486 Wonocatur Banguntapan Bantul,Daerah Istimewa Yogyakarta,-7.800505133,110.4134838,533,Gempa Bumi,Wabah Penyakit,"Hampir Tidak Ada sebenarnya, hanya pernah tertangkap densus di kampung sekitar gereja",Punya,Punya,Tidak punya,Ya,Ya,Punya,Ya,Tidak Ada,Terdampak tetapi masih ada pada tempatnya,Tidak,Punya,Punya,Punya,Punya,Tidak,Tidak,Tidak,Ya,Tidak,Insidental (penggalangan dana/persembahan bencana),dari gereja lain,Ya,Ya,Siap,Tidak,Ya,"Pelatihan Pertolongan Pertama pada Gawat Darurat (PPGD), Rencana Kontijensi Bencana (rencana gereja bergerak bersama jejaring seperti pelatihan dengan BPBD/BNPB/LSM/SAR, dll.), Simulasi menghadapi bencana, Keterampilan psikososial dalam penanganan korban bencana, Pelatihan pengelolaan dana dan bantuan, Epidemi dan wabah penyakit, Terorisme","Pelatihan Pertolongan Pertama pada Gawat Darurat (PPGD), Rencana Kontijensi Bencana (rencana gereja bergerak bersama jejaring seperti pelatihan dengan BPBD/BNPB/LSM/SAR, dll.), Simulasi menghadapi bencana, Keterampilan psikososial dalam penanganan korban bencana, Pelatihan pengelolaan dana dan bantuan, Epidemi dan wabah penyakit, Terorisme",Tidak,Pendataan penyintas COVID-19,Tidak,"Peluit, Kotak P3K, Alat pengeras suara, Genset","BPBD/BNPB, PMI, Kelompok masyarakat peduli bencana",Jumat 17 September 2021,#FF8E00,#CF3333,#31AA75,#31AA75,#31AA75,#31AA75,#31AA75,#31AA75,#31AA75,#FF8E00,#31AA75,#FF8E00,#FF8E00,Punya,Tahu
GKJ Brayat Kinasih,"Jl. Timoho II/399, Miliran, Muja Muju, Yogyakarta",Daerah Istimewa Yogyakarta,-7.796726384,110.3894559,644,Alam,Non Alam,Sosial,Punya,Punya,Tidak punya,Ya,Ya,Punya,Ya,Tidak Ada,Tidak terdampak,Tidak,Punya,Tidak punya,Punya,Punya,Ya,Ya,Ya,Tidak,Ya,Insidental dan alokasi anggaran bulanan khusus bencana,"PMI/SAR/ Damkar (Pemadam Kebakaran), LSM/NGO",Ya,Ya,Siap,Ya,Ya,"Pelatihan Pertolongan Pertama pada Gawat Darurat (PPGD), Rencana Kontijensi Bencana (rencana gereja bergerak bersama jejaring seperti pelatihan dengan BPBD/BNPB/LSM/SAR, dll.), Interaksi dan konflik sosial, Epidemi dan wabah penyakit","Pelatihan Pertolongan Pertama pada Gawat Darurat (PPGD), Rencana Kontijensi Bencana (rencana gereja bergerak bersama jejaring seperti pelatihan dengan BPBD/BNPB/LSM/SAR, dll.), Interaksi dan konflik sosial, Epidemi dan wabah penyakit",Ya,"Pendataan penyintas COVID-19, Pendataan ekonomi jemaat (tingkat perekonomian jemaat, bagaimana cara jemaat mengatasi perubahan kebutuhan ekonomi disaat pandemi)","Ya, > 2 tahun","Lampu senter, Rompi, Kotak P3K, Alat pemadam kebakaran, Alat pengeras suara, Genset","BPBD/BNPB, LSM/NGO Kebencanaan, PMI","Selasa, 21 September 2021",#31AA75,#31AA75,#F7EA00,#31AA75,#31AA75,#31AA75,#31AA75,#31AA75,#31AA75,#FF8E00,#31AA75,#FF8E00,#FF8E00,Punya,Tahu
GKJ Madukismo,"Komplek Timur PG Madukismo, Jogonalan Lor, Tirtonirmolo, Kec. Kasihan, Bantul, Daerah Istimewa Yogyakarta 55181",Daerah Istimewa Yogyakarta,-7.830935828,110.3475012,511,Konflik sosial,Pandemi covid 19,Angin kencang/topan,Tidak punya,Tidak punya,Tidak punya,Ya,Ya,Punya,Ya,Tidak Ada,Tidak terdampak,Tidak,Tidak punya,Tidak punya,Tidak punya,Tidak punya,Tidak,Tidak,Ya,Tidak,Ya,Insidental (penggalangan dana/persembahan bencana),"BNPB/BPBD, PMI/SAR/ Damkar (Pemadam Kebakaran), LSM/NGO",Tidak,Tidak,Tidak siap,Ya,Ya,"Pelatihan Pertolongan Pertama pada Gawat Darurat (PPGD), Manajemen Barak, Teologi Bencana (Church and Community Transformation Resilience Approach-CCT), Rencana Kontijensi Bencana (rencana gereja bergerak bersama jejaring seperti pelatihan dengan BPBD/BNPB/LSM/SAR, dll.), Simulasi menghadapi bencana, Perubahan iklim dan dampaknya, lingkungan, kualitas, dan kelestarian, Interaksi dan konflik sosial, Disabilitas dan inklusi, Keterampilan psikososial dalam penanganan korban bencana, Pelatihan pengelolaan dana dan bantuan, Epidemi dan wabah penyakit, Terorisme","Pelatihan Pertolongan Pertama pada Gawat Darurat (PPGD), Manajemen Barak, Teologi Bencana (Church and Community Transformation Resilience Approach-CCT), Rencana Kontijensi Bencana (rencana gereja bergerak bersama jejaring seperti pelatihan dengan BPBD/BNPB/LSM/SAR, dll.), Simulasi menghadapi bencana, Perubahan iklim dan dampaknya, lingkungan, kualitas, dan kelestarian, Interaksi dan konflik sosial, Disabilitas dan inklusi, Keterampilan psikososial dalam penanganan korban bencana, Pelatihan pengelolaan dana dan bantuan, Epidemi dan wabah penyakit, Terorisme",Tidak,"Pendataan golongan darah, Pendataan penyintas COVID-19, Pendataan ekonomi jemaat (tingkat perekonomian jemaat, bagaimana cara jemaat mengatasi perubahan kebutuhan ekonomi disaat pandemi)",10 tahun yg lalu pasca gempa bumi ,"Peluit, Lampu senter, Kotak P3K, Alat pengeras suara","BPBD/BNPB, SAR, LSM/NGO Kebencanaan, PMI, Kelompok masyarakat peduli bencana",22 September 2021,#F7EA00,#31AA75,#31AA75,#31AA75,#FF8E00,#31AA75,#31AA75,#31AA75,#31AA75,#FF8E00,#31AA75,#FF8E00,#FF8E00,Tidak punya,Tahu
GKJ Bambu Tegalrejo,Demakan Baru TR III Nomor 779 Tegalrejo Yogyakarta,Daerah Istimewa Yogyakarta,-7.790591554,110.352833,246,gunung meletus,Gempa Bumi,konflik sosial antar kelompok,Tidak punya,Tidak punya,Tidak punya,Tidak,Ya,Tidak punya,Tidak,Tidak Ada,belum pernah terdampak,Tidak,Tidak punya,Tidak punya,Tidak punya,Tidak punya,Tidak,Tidak,Tidak,Tidak,Tidak,Alokasi anggaran khusus bencana (diambilkan dari persembahan bulan khusus bencana),dilaksanakan secara klasikal,Tidak,Ya,Tidak siap,Ya,Tidak,"Teologi Bencana (Church and Community Transformation Resilience Approach-CCT), Rencana Kontijensi Bencana (rencana gereja bergerak bersama jejaring seperti pelatihan dengan BPBD/BNPB/LSM/SAR, dll.), Perubahan iklim dan dampaknya, lingkungan, kualitas, dan kelestarian, Interaksi dan konflik sosial, Disabilitas dan inklusi, Keterampilan psikososial dalam penanganan korban bencana, Pelatihan pengelolaan dana dan bantuan, Epidemi dan wabah penyakit, Terorisme","Teologi Bencana (Church and Community Transformation Resilience Approach-CCT), Rencana Kontijensi Bencana (rencana gereja bergerak bersama jejaring seperti pelatihan dengan BPBD/BNPB/LSM/SAR, dll.), Perubahan iklim dan dampaknya, lingkungan, kualitas, dan kelestarian, Interaksi dan konflik sosial, Disabilitas dan inklusi, Keterampilan psikososial dalam penanganan korban bencana, Pelatihan pengelolaan dana dan bantuan, Epidemi dan wabah penyakit, Terorisme",Tidak,"Pendataan ekonomi jemaat (tingkat perekonomian jemaat, bagaimana cara jemaat mengatasi perubahan kebutuhan ekonomi disaat pandemi), Pendataan pekerjaan/kegiatan usaha jemaat",Tidak,"Lampu senter, Lampu darurat, Safety Box berisi dokumen penting","BPBD/BNPB, Kelompok masyarakat peduli bencana","minggu, 26 September 2021",#FF8E00,#31AA75,#31AA75,#31AA75,#31AA75,#31AA75,#31AA75,#CF3333,#31AA75,#FF8E00,#31AA75,#FF8E00,#FF8E00,Tidak punya,Tidak Tahu
GKJ Sidomulyo,Jln Parangtritis km 21 Tegal Kuwon Sidomulyo Bambanglipuro Bantul 55764,Daerah Istimewa Yogyakarta,-7.965791126,110.3204284,489,Gempa bumi,Banjir,Angin topan/kencang,Tidak Punya,Punya,Tidak punya,Ya,Ya,Punya,Ya,Tidak Ada,Terdampak dan berpotensi membahayakan pengguna/jemaat,Tidak,Tidak punya,Tidak punya,Tidak punya,Punya,Ya,Ya,Ya,Tidak,Ya,Insidental dan alokasi anggaran bulanan khusus bencana,LSM/NGO,Ya,Ya,Sedikit siap,Ya,Ya,"Pelatihan Pertolongan Pertama pada Gawat Darurat (PPGD), Manajemen Barak, Teologi Bencana (Church and Community Transformation Resilience Approach-CCT), Rencana Kontijensi Bencana (rencana gereja bergerak bersama jejaring seperti pelatihan dengan BPBD/BNPB/LSM/SAR, dll.), Perubahan iklim dan dampaknya, lingkungan, kualitas, dan kelestarian, Interaksi dan konflik sosial, Disabilitas dan inklusi, Keterampilan psikososial dalam penanganan korban bencana, Pelatihan pengelolaan dana dan bantuan, Epidemi dan wabah penyakit","Pelatihan Pertolongan Pertama pada Gawat Darurat (PPGD), Manajemen Barak, Teologi Bencana (Church and Community Transformation Resilience Approach-CCT), Rencana Kontijensi Bencana (rencana gereja bergerak bersama jejaring seperti pelatihan dengan BPBD/BNPB/LSM/SAR, dll.), Perubahan iklim dan dampaknya, lingkungan, kualitas, dan kelestarian, Interaksi dan konflik sosial, Disabilitas dan inklusi, Keterampilan psikososial dalam penanganan korban bencana, Pelatihan pengelolaan dana dan bantuan, Epidemi dan wabah penyakit",Tidak,"Pendataan ekonomi jemaat (tingkat perekonomian jemaat, bagaimana cara jemaat mengatasi perubahan kebutuhan ekonomi disaat pandemi), Pendataan pekerjaan/kegiatan usaha jemaat","Ya, pasca gempa sering dilaks mitigasi bencana bagi gereja2","Lampu senter, Kotak P3K, Peralatan balut bidai, Alat pengeras suara","BPBD/BNPB, SAR, LSM/NGO Kebencanaan, PMI, Universitas/lembaga pendidikan","Selasa, 28 September 2021",#CF3333,#FF8E00,#31AA75,#31AA75,#F7EA00,#31AA75,#31AA75,#31AA75,#31AA75,#FF8E00,#31AA75,#FF8E00,#FF8E00,Tidak punya,Tahu
GKJ Ngulakan,"Sindon, Hargorejo Kokap Kulon Progo ",Daerah Istimewa Yogyakarta,-7.869178119,110.1235753,390,Tanah longsor,Epidemi,Kebebasan beribadah,Punya,Punya,Tidak punya,Ya,Ya,Tidak Punya,Ya,Ringan,Tidak terdampak,Tidak,Tidak punya,Tidak punya,Punya,Punya,Ya,Ya,Ya,Ya,Ya,Insidental dan alokasi anggaran bulanan khusus bencana,"BNPB/BPBD, PMI/SAR/ Damkar (Pemadam Kebakaran), LSM/NGO",Tidak,Ya,Siap,Ya,Ya,"Pelatihan Pertolongan Pertama pada Gawat Darurat (PPGD), Manajemen Barak, Rencana Kontijensi Bencana (rencana gereja bergerak bersama jejaring seperti pelatihan dengan BPBD/BNPB/LSM/SAR, dll.), Simulasi menghadapi bencana, Interaksi dan konflik sosial, Keterampilan psikososial dalam penanganan korban bencana, Pelatihan pengelolaan dana dan bantuan, Epidemi dan wabah penyakit","Pelatihan Pertolongan Pertama pada Gawat Darurat (PPGD), Manajemen Barak, Rencana Kontijensi Bencana (rencana gereja bergerak bersama jejaring seperti pelatihan dengan BPBD/BNPB/LSM/SAR, dll.), Simulasi menghadapi bencana, Interaksi dan konflik sosial, Keterampilan psikososial dalam penanganan korban bencana, Pelatihan pengelolaan dana dan bantuan, Epidemi dan wabah penyakit",Tidak,"Pendataan kelompok rentan (disabilitas, lansia, ibu hamil, dan anak-anak)","Ya, 1-2 tahun",Kotak P3K,"BPBD/BNPB, SAR, LSM/NGO Kebencanaan, PMI, Kelompok masyarakat peduli bencana","Jumat, 1 Oktober 2021",#31AA75,#31AA75,#31AA75,#31AA75,#FF8E00,#31AA75,#31AA75,#31AA75,#CF3333,#FF8E00,#31AA75,#FF8E00,#FF8E00,Punya,Tahu
GKJ Sumberagung,"Sawo, Sumberagung, Jetis, Bantul",Daerah Istimewa Yogyakarta,-7.910173906,110.3694463,322,gempa bumi,covid 19,banjir,Tidak Punya,Tidak Punya,Tidak Punya,Ya,Ya,Tidak Punya,Tidak,Tidak Ada,Terdampak tetapi masih ada pada tempatnya,Tidak,Tidak punya,Tidak punya,Tidak punya,Punya,Tidak,Ya,Ya,Tidak,Ya,Insidental dan alokasi anggaran bulanan khusus bencana,LSM/NGO,Ya,Ya,Siap,Tidak,Ya,Pelatihan Pertolongan Pertama pada Gawat Darurat (PPGD),Pelatihan Pertolongan Pertama pada Gawat Darurat (PPGD),Tidak,"Pendataan kelompok rentan (disabilitas, lansia, ibu hamil, dan anak-anak)",Tidak,Lampu senter,Kelompok masyarakat peduli bencana,"Rabu, 06 Oktober 2021",#CF3333,#F7EA00,#31AA75,#31AA75,#31AA75,#31AA75,#31AA75,#31AA75,#31AA75,#FF8E00,#31AA75,#FF8E00,#FF8E00,Tidak punya,Tahu
GKJ Patalan,"Jl. Parangtritis KM 15 Patalan, Jetis, Bantul",Daerah Istimewa Yogyakarta,-7.928344646,110.3505416,354,"Banjir, gempa bumi, gunung meletus, tanah longsor",Konflik sosial,Covid-19,Punya,Punya,Punya,Ya,Ya,Punya,Ya,Tidak Ada,Terdampak dan berpotensi membahayakan pengguna/jemaat,Tidak,Punya,Punya,Punya,Punya,Ya,Ya,Ya,Ya,Ya,Insidental (penggalangan dana/persembahan bencana),"BNPB/BPBD, PMI/SAR/ Damkar (Pemadam Kebakaran), LSM/NGO",Ya,Ya,Sangat siap,Ya,Ya,"Pelatihan Pertolongan Pertama pada Gawat Darurat (PPGD), Rencana Kontijensi Bencana (rencana gereja bergerak bersama jejaring seperti pelatihan dengan BPBD/BNPB/LSM/SAR, dll.), Simulasi menghadapi bencana","Pelatihan Pertolongan Pertama pada Gawat Darurat (PPGD), Rencana Kontijensi Bencana (rencana gereja bergerak bersama jejaring seperti pelatihan dengan BPBD/BNPB/LSM/SAR, dll.), Simulasi menghadapi bencana",Ya,"Pendataan kelompok rentan (disabilitas, lansia, ibu hamil, dan anak-anak)","Ya, 1-2 tahun","Lampu senter, Kotak P3K, Alat pengeras suara, Safety Box berisi dokumen penting, Genset","BPBD/BNPB, SAR, LSM/NGO Kebencanaan, PMI, Kelompok masyarakat peduli bencana",29 September 2021,#CF3333,#CF3333,#31AA75,#31AA75,#31AA75,#31AA75,#31AA75,#CF3333,#CF3333,#FF8E00,#31AA75,#FF8E00,#FF8E00,Punya,Tahu
GKJ Jodhog,"Noyopaten, Gilangharjo, Pandak, Bantul",Daerah Istimewa Yogyakarta,-7.910668727,110.3101045,240,Gempa Bumi,Konflik antar masyarakat,Kebebasan beribadah,Tidak Punya,Tidak Punya,Tidak punya,Ya,Ya,Punya,Ya,Tidak Ada,Tidak terdampak,Tidak,Tidak punya,Tidak punya,Tidak punya,Punya,Tidak,Tidak,Ya,Tidak,Tidak,Insidental dan alokasi anggaran bulanan khusus bencana,Belum pernah,Ya,Ya,Sedikit siap,Ya,Ya,"Pelatihan Pertolongan Pertama pada Gawat Darurat (PPGD), Rencana Kontijensi Bencana (rencana gereja bergerak bersama jejaring seperti pelatihan dengan BPBD/BNPB/LSM/SAR, dll.), Pelatihan pengelolaan dana dan bantuan","Pelatihan Pertolongan Pertama pada Gawat Darurat (PPGD), Rencana Kontijensi Bencana (rencana gereja bergerak bersama jejaring seperti pelatihan dengan BPBD/BNPB/LSM/SAR, dll.), Pelatihan pengelolaan dana dan bantuan",Tidak,"Pendataan kelompok rentan (disabilitas, lansia, ibu hamil, dan anak-anak), Pendataan penyintas COVID-19, Pendataan ekonomi jemaat (tingkat perekonomian jemaat, bagaimana cara jemaat mengatasi perubahan kebutuhan ekonomi disaat pandemi)","Ya, > 2 tahun", Tidak punya,"BPBD/BNPB, LSM/NGO Kebencanaan, Kelompok masyarakat peduli bencana",11/10/2021,#CF3333,#FF8E00,#31AA75,#31AA75,#F7EA00,#31AA75,#31AA75,#31AA75,#31AA75,#FF8E00,#31AA75,#FF8E00,#FF8E00,Tidak punya,Tahu
GKJ Pundong,"Piring, Srihardono, Pundong, Bantul",Daerah Istimewa Yogyakarta,-7.95768202,110.3436691,385,Banjir,Angin Puting Beliung,Gempa,Tidak Punya,Tidak Punya,Tidak punya,Tidak,Ya,Tidak punya,Ya,Tidak Ada,Tidak terdampak,Tidak,Punya,Punya,Tidak punya,Tidak punya,Belum,Tidak,Tidak,Belum,Tidak,Insidental (penggalangan dana/persembahan bencana),LSM/NGO,Ya,Ya,Sedikit siap,Belum,Ya,"Pelatihan Pertolongan Pertama pada Gawat Darurat (PPGD), Simulasi menghadapi bencana","Pelatihan Pertolongan Pertama pada Gawat Darurat (PPGD), Simulasi menghadapi bencana",Tidak,Sensus data warga,Tidak,Belum punya,BPBD/BNPB,"Senin, 11 Okttober 2021",#F7EA00,#31AA75,#31AA75,#31AA75,#F7EA00,#31AA75,#31AA75,#31AA75,#31AA75,#FF8E00,#31AA75,#FF8E00,#FF8E00,Tidak punya,Tidak Tahu
GKJ Canden,Sraten Canden Jetis Bantul,Daerah Istimewa Yogyakarta,-7.926454307,110.3627181,280,Gempa bumi,Banjir,Konflik sosial perbedaan agama ,Tidak Punya,Punya,Tidak punya,Ya,Ya,Tidak Punya,Ya,Tidak Ada,Tidak terdampak,Tidak,Punya,Punya,Tidak punya,Punya,Ya,Tidak,Tidak,Tidak,Tidak,Insidental (penggalangan dana/persembahan bencana),FKUB (Forum Kerukunan Umat Beragama),Tidak,Ya,Tidak siap,Tidak,Ya,"Rencana Kontijensi Bencana (rencana gereja bergerak bersama jejaring seperti pelatihan dengan BPBD/BNPB/LSM/SAR, dll.), Simulasi menghadapi bencana, Epidemi dan wabah penyakit","Rencana Kontijensi Bencana (rencana gereja bergerak bersama jejaring seperti pelatihan dengan BPBD/BNPB/LSM/SAR, dll.), Simulasi menghadapi bencana, Epidemi dan wabah penyakit",Tidak,Tidak Ada,Tidak,"Kotak P3K, Genset",BPBD/BNPB,"Senin, 11 Oktober 2021",#FF8E00,#31AA75,#F7EA00,#31AA75,#31AA75,#31AA75,#31AA75,#31AA75,#31AA75,#FF8E00,#31AA75,#FF8E00,#FF8E00,Tidak punya,Tidak Tahu
GKJ Suryodiningratan,"Jl. Suryodiningratan no. 43, Yogyakarta",Daerah Istimewa Yogyakarta,-7.817814139,110.3584176,301,Bencana sosial,Bencana alam,Bencana non-alam,Tidak Punya,Tidak punya,Tidak punya,Ya,Ya,Punya,Ya,Ringan,Terdampak tetapi masih ada pada tempatnya,Tidak,Punya,Punya,Punya,Punya,Tidak,Ya,Ya,Tidak,Tidak,Insidental dan alokasi anggaran bulanan khusus bencana,TNI/POLRI,Ya,Tidak,Sedikit siap,Tidak,Ya,"Teologi Bencana (Church and Community Transformation Resilience Approach-CCT), Simulasi menghadapi bencana, Interaksi dan konflik sosial, Disabilitas dan inklusi, Pelatihan pengelolaan dana dan bantuan","Teologi Bencana (Church and Community Transformation Resilience Approach-CCT), Simulasi menghadapi bencana, Interaksi dan konflik sosial, Disabilitas dan inklusi, Pelatihan pengelolaan dana dan bantuan",Ya,"Pendataan kelompok rentan (disabilitas, lansia, ibu hamil, dan anak-anak), Pendataan ekonomi jemaat (tingkat perekonomian jemaat, bagaimana cara jemaat mengatasi perubahan kebutuhan ekonomi disaat pandemi)",Tidak,Kotak P3K,"BPBD/BNPB, Babinkamtibmas","Senin, 11 Oktober 2021",#31AA75,#31AA75,#F7EA00,#31AA75,#CF3333,#31AA75,#31AA75,#31AA75,#31AA75,#FF8E00,#31AA75,#FF8E00,#FF8E00,Punya,Tahu
Gereja Baptis Indonesia Ngadinegaran,Jl. DI Panjaitan 29 Yogyakarta,Daerah istimewa Yogyakarta,-7.816440452,110.3625765,215,Angin topan,Covid 19,Berantam antar pemuda,Tidak Punya,Tidak Punya,Punya,Ya,Tidak,Punya,Ya,Ringan,Terdampak tetapi masih ada pada tempatnya,Tidak,Tidak punya,Tidak punya,Punya,Punya,Ya,Ya,Ya,Ya,Ya,Insidental (penggalangan dana/persembahan bencana),"TNI/POLRI, LSM/NGO",Tidak,Ya,Sedikit siap,Ya,Ya,"Perubahan iklim dan dampaknya, lingkungan, kualitas, dan kelestarian, Interaksi dan konflik sosial, Disabilitas dan inklusi, Terorisme","Perubahan iklim dan dampaknya, lingkungan, kualitas, dan kelestarian, Interaksi dan konflik sosial, Disabilitas dan inklusi, Terorisme",Ya,"Pendataan penyintas COVID-19, Pendataan ekonomi jemaat (tingkat perekonomian jemaat, bagaimana cara jemaat mengatasi perubahan kebutuhan ekonomi disaat pandemi)","Ya, 1-2 tahun","Lampu senter, Lampu darurat, Kotak P3K, Peralatan balut bidai, Alat pemadam kebakaran, Alat pengeras suara, Safety Box berisi dokumen penting, Genset","SAR, PMI, Kelompok masyarakat peduli bencana",Rabu 15 September 2021,#FF8E00,#31AA75,#31AA75,#31AA75,#CF3333,#31AA75,#31AA75,#31AA75,#31AA75,#FF8E00,#31AA75,#FF8E00,#FF8E00,Punya,Tahu
GBI Sleman,Dukuh RT 01/RW 17 Tridadi Sleman,Daerah Istimewa Yogyakarta,-7.539252655,110.3522655,91,Pandemi covid,Kebakaran,Pom bensin meledak,Tidak Punya,Tidak Punya,Tidak punya,Ya,Ya,Tidak Punya,Belum Teruji,Tidak Ada,Tidak terdampak,Ya,Tidak punya,Tidak punya,Tidak punya,Tidak punya,Ya,Ya,Tidak,Tidak,Ya,Insidental (penggalangan dana/persembahan bencana),"BNPB/BPBD, FKUB (Forum Kerukunan Umat Beragama), LSM/NGO",Ya,Ya,Sedikit siap,Ya,Ya,"Manajemen Barak, Rencana Kontijensi Bencana (rencana gereja bergerak bersama jejaring seperti pelatihan dengan BPBD/BNPB/LSM/SAR, dll.), Pelatihan pengelolaan dana dan bantuan","Manajemen Barak, Rencana Kontijensi Bencana (rencana gereja bergerak bersama jejaring seperti pelatihan dengan BPBD/BNPB/LSM/SAR, dll.), Pelatihan pengelolaan dana dan bantuan",Ya,"Pendataan ekonomi jemaat (tingkat perekonomian jemaat, bagaimana cara jemaat mengatasi perubahan kebutuhan ekonomi disaat pandemi), Pendataan pekerjaan/kegiatan usaha jemaat",Hanya mengikuti jika ada pelatihan kebencanaan,"Lampu senter, Lampu darurat, Alat pemadam kebakaran","BPBD/BNPB, SAR, LSM/NGO Kebencanaan, PMI, Kepolisian","Rabu, 15 September 2021",#31AA75,#31AA75,#FF8E00,#31AA75,#FF8E00,#31AA75,#31AA75,#31AA75,#31AA75,#FF8E00,#31AA75,#FF8E00,#FF8E00,Tidak punya,Tahu
Gereja Baptis Indonesia Karunia Yogyakarta,"Jln. Prof.Dr.Sardjito GK V/70c, Terban",Daerah Istimewa Yogyakarta,-7.778396262,110.3711007,60,Tanah longsor,Wabah penyakit,Konflik sosial,Tidak punya,Tidak punya,Tidak punya,Ya,Ya,Tidak punya,Belum Teruji,Tidak Ada,Terdampak tetapi masih ada pada tempatnya,Tidak,Tidak punya,Tidak punya,Tidak punya,Tidak punya,Tidak,Ya,Tidak,Ya,Tidak,Insidental (penggalangan dana/persembahan bencana),LSM/NGO,Tidak,Ya,Sedikit siap,Ya,Ya,"Pelatihan Pertolongan Pertama pada Gawat Darurat (PPGD), Perubahan iklim dan dampaknya, lingkungan, kualitas, dan kelestarian, Pelatihan pengelolaan dana dan bantuan","Pelatihan Pertolongan Pertama pada Gawat Darurat (PPGD), Perubahan iklim dan dampaknya, lingkungan, kualitas, dan kelestarian, Pelatihan pengelolaan dana dan bantuan",Tidak,Tidak Ada,Tidak,Tidak punya,"BPBD/BNPB, Kelompok masyarakat peduli bencana","Rabu, 15/09/2021",#31AA75,#31AA75,#31AA75,#31AA75,#F7EA00,#31AA75,#31AA75,#31AA75,#CF3333,#FF8E00,#31AA75,#FF8E00,#FF8E00,Tidak punya,Tahu
Gereja Baptis Indonesia Bukit Zaitun Balangan,"Balangan 004/002 Wukirsari, CangkRingan, Sleman, Yogyakarta",Daerah Istimewa Yogyakarta,-7.662923141,110.4325962,35,Gunung meletus,Hujan abu,Gempa bumi,Punya,Punya,Tidak punya,Ya,Ya,Tidak punya,Ya,Tidak Ada,Tidak terdampak,Tidak,Punya,Punya,Tidak punya,Tidak punya,Tidak,Ya,Ya,Ya,Tidak,Insidental (penggalangan dana/persembahan bencana),"TNI/POLRI, PMI/SAR/ Damkar (Pemadam Kebakaran), FKUB (Forum Kerukunan Umat Beragama)",Ya,Ya,Sangat siap,Ya,Ya,"Simulasi menghadapi bencana, Keterampilan psikososial dalam penanganan korban bencana","Simulasi menghadapi bencana, Keterampilan psikososial dalam penanganan korban bencana",Tidak,Pendataan pekerjaan/kegiatan usaha jemaat,"Ya, 1-2 tahun",Kotak P3K,SAR,"Senin, 20/09/2021",#31AA75,#31AA75,#31AA75,#31AA75,#FF8E00,#31AA75,#31AA75,#CF3333,#31AA75,#FF8E00,#31AA75,#FF8E00,#FF8E00,Tidak punya,Tahu
GKI Ngupasan,Jalan Bhayangkara no.25 Yogyakarta,Daerah Istimewa Yogyakarta,-7.799183752,110.3619143,1500,gempa bumi,gunung meletus,terorisme,Punya,Punya,Punya,Ya,Ya,Punya,Ya,Tidak Ada,Tidak terdampak,Tidak,Punya,Punya,Punya,Punya,Ya,Ya,Ya,Tidak,Ya,Insidental dan alokasi anggaran bulanan khusus bencana,"PMI/SAR/ Damkar (Pemadam Kebakaran), LSM/NGO",Tidak,Ya,Siap,Ya,Ya,"Rencana Kontijensi Bencana (rencana gereja bergerak bersama jejaring seperti pelatihan dengan BPBD/BNPB/LSM/SAR, dll.), Interaksi dan konflik sosial, Terorisme","Rencana Kontijensi Bencana (rencana gereja bergerak bersama jejaring seperti pelatihan dengan BPBD/BNPB/LSM/SAR, dll.), Interaksi dan konflik sosial, Terorisme",Ya,"Pendataan kelompok rentan (disabilitas, lansia, ibu hamil, dan anak-anak), Pendataan golongan darah, Pendataan penyintas COVID-19, Pendataan ekonomi jemaat (tingkat perekonomian jemaat, bagaimana cara jemaat mengatasi perubahan kebutuhan ekonomi disaat pandemi), Pendataan pekerjaan/kegiatan usaha jemaat","Ya, > 2 tahun","Peluit, Helm, Lampu senter, Lampu darurat, Kotak P3K, Alat pemadam kebakaran, Alat pengeras suara, Safety Box berisi dokumen penting, Genset","BPBD/BNPB, LSM/NGO Kebencanaan, Kelompok masyarakat peduli bencana","Rabu, 22 September 2021",#CF3333,#31AA75,#31AA75,#31AA75,#F7EA00,#31AA75,#31AA75,#FF8E00,#31AA75,#FF8E00,#31AA75,#FF8E00,#FF8E00,Punya,Tahu
Gereja Presbiterian Injili Indonesia ,"Sanggrahan Rt 04/Rw 16 Tlogoadi, Mlati, Sleman DIY",Daerah Istimewa Yogyakarta,-7.717856,110.363999,75,Gunung meletus,COVID-19,Kebebasan beribadah,Tidak Punya,Tidak Punya,Tidak punya,Ya,Ya,Punya,Ya,Ringan,Tidak terdampak,Tidak,Punya,Punya,Tidak punya,Tidak punya,Tidak,Tidak,Tidak,Tidak,Tidak,Insidental (penggalangan dana/persembahan bencana),Tidak Ada,Tidak,Tidak,Sedikit siap,Tidak,Ya,Pelatihan Pertolongan Pertama pada Gawat Darurat (PPGD),Pelatihan Pertolongan Pertama pada Gawat Darurat (PPGD),Tidak,Tidak Ada,Tidak,Lampu senter,SAR,"Rabu, 22 September 2021",#31AA75,#31AA75,#31AA75,#31AA75,#31AA75,#31AA75,#31AA75,#CF3333,#31AA75,#FF8E00,#31AA75,#FF8E00,#FF8E00,Tidak punya,Tidak Tahu
GBI Sidomoyo,Tegalan rt 02 rw 10 Sidomoyo Godean Sleman ,Daerah Istimewa Yogyakarta,-7.76279,110.320596,300,Gempa,Gunung meletus,Kesenjangan sosial,Punya,Punya,Tidak punya,Ya,Tidak,Tidak punya,Ya,Ringan,Tidak terdampak,Tidak,Tidak punya,Tidak punya,Tidak punya,Punya,Ya,Tidak,Ya,Tidak,Tidak,Insidental dan alokasi anggaran bulanan khusus bencana,Belum pernah,Tidak,Ya,Sedikit siap,Tidak,Ya,Pelatihan Pertolongan Pertama pada Gawat Darurat (PPGD),Pelatihan Pertolongan Pertama pada Gawat Darurat (PPGD),Tidak,"Pendataan kelompok rentan (disabilitas, lansia, ibu hamil, dan anak-anak)",Tidak,"Lampu darurat, Rompi, Kotak P3K, Alat pemadam kebakaran, Alat pengeras suara, Genset",Kelompok masyarakat peduli bencana,"Kamis, 23 September 2021",#CF3333,#31AA75,#31AA75,#31AA75,#31AA75,#31AA75,#31AA75,#FF8E00,#31AA75,#FF8E00,#31AA75,#FF8E00,#FF8E00,Tidak punya,Tahu
GKI Wongsodirjan,Jl. Wongsodirjan no 2 Yogyakarta,Daerah Istimewa Yogyakarta,-7.787994,110.362609,863,Epidemi Wabah Penyakit (Covid & DB),Gunung meletus,Gempa bumi,Tidak Punya,Tidak Punya,Tidak punya,Ya,Ya,Tidak punya,Tidak,Tidak Ada,Tidak terdampak,Tidak,Punya,Punya,Tidak punya,Punya,Tidak,Tidak,Ya,Tidak,Tidak,Insidental (penggalangan dana/persembahan bencana),Saya belum pernah mengikuti,Tidak,Ya,Tidak siap,Tidak,Ya,"Pelatihan Pertolongan Pertama pada Gawat Darurat (PPGD), Rencana Kontijensi Bencana (rencana gereja bergerak bersama jejaring seperti pelatihan dengan BPBD/BNPB/LSM/SAR, dll.), Simulasi menghadapi bencana, Keterampilan psikososial dalam penanganan korban bencana","Pelatihan Pertolongan Pertama pada Gawat Darurat (PPGD), Rencana Kontijensi Bencana (rencana gereja bergerak bersama jejaring seperti pelatihan dengan BPBD/BNPB/LSM/SAR, dll.), Simulasi menghadapi bencana, Keterampilan psikososial dalam penanganan korban bencana",Ya,"Pendataan golongan darah, Pendataan penyintas COVID-19, Pendataan ekonomi jemaat (tingkat perekonomian jemaat, bagaimana cara jemaat mengatasi perubahan kebutuhan ekonomi disaat pandemi)",Tidak,"Alat pemadam kebakaran, Alat pengeras suara, Genset","BPBD/BNPB, SAR, PMI","Kamis, 23 September 2021",#F7EA00,#31AA75,#31AA75,#31AA75,#31AA75,#31AA75,#31AA75,#FF8E00,#31AA75,#FF8E00,#31AA75,#FF8E00,#FF8E00,Tidak punya,Tidak Tahu
Gereja Presbiterian Injili Indonesia,"Dsn Sambiroto RT 6, RW 03, Ds Purwomartani, Kalasan, Sleman",Daerah Istimewa Yogyakarta,-7.733710888,110.4484759,90,angin kencang/ puting beliung,kebebasan beribadah,toleransi di sekolah,Tidak punya,Tidak punya,Tidak punya,Ya,Ya,Tidak Punya,Ya,Ringan,Terdampak tetapi masih ada pada tempatnya,Tidak,Tidak punya,Tidak punya,Tidak punya,Tidak punya,Tidak,Ya,Tidak,Tidak,Tidak,Insidental (penggalangan dana/persembahan bencana),FKUB (Forum Kerukunan Umat Beragama),Ya,Tidak,Tidak siap,Ya,Ya,"Teologi Bencana (Church and Community Transformation Resilience Approach-CCT), Simulasi menghadapi bencana","Teologi Bencana (Church and Community Transformation Resilience Approach-CCT), Simulasi menghadapi bencana",Tidak,"Pendataan kelompok rentan (disabilitas, lansia, ibu hamil, dan anak-anak), Pendataan ekonomi jemaat (tingkat perekonomian jemaat, bagaimana cara jemaat mengatasi perubahan kebutuhan ekonomi disaat pandemi)",Tidak,"Peluit, Lampu senter",BPBD/BNPB,"Kamis, 23 September 2021",#F7EA00,#31AA75,#31AA75,#31AA75,#CF3333,#31AA75,#31AA75,#31AA75,#31AA75,#FF8E00,#31AA75,#FF8E00,#FF8E00,Tidak punya,Tidak Tahu
Gereja Kristen Nazarene Filadelfia,"Jl. Babarsari No.23, Tambak Bayan, Caturtunggal, Kec. Depok, Kabupaten Sleman, Daerah Istimewa Yogyakarta 55281",Daerah Istimewa Yogyakarta,-7.775295,110.415826,352,"Konflik Sosial (Perkelahian antar kelompok - Mahasiswa, suku, kelompok masyarakat, organisasi masa)",Erupsi Gunung Berapi,Gempa Bumi,Tidak punya,Tidak punya,Tidak punya,Ya,Ya,Punya,Ya,Tidak Ada,Tidak terdampak,Tidak,Tidak punya,Tidak punya,Tidak punya,Tidak punya,Ya,Tidak,Tidak,Tidak,Tidak,Insidental (penggalangan dana/persembahan bencana),LSM/NGO,Ya,Tidak,Tidak siap,Tidak,Ya,"Pelatihan Pertolongan Pertama pada Gawat Darurat (PPGD), Rencana Kontijensi Bencana (rencana gereja bergerak bersama jejaring seperti pelatihan dengan BPBD/BNPB/LSM/SAR, dll.), Simulasi menghadapi bencana, Disabilitas dan inklusi, Keterampilan psikososial dalam penanganan korban bencana, Pelatihan pengelolaan dana dan bantuan, Epidemi dan wabah penyakit","Pelatihan Pertolongan Pertama pada Gawat Darurat (PPGD), Rencana Kontijensi Bencana (rencana gereja bergerak bersama jejaring seperti pelatihan dengan BPBD/BNPB/LSM/SAR, dll.), Simulasi menghadapi bencana, Disabilitas dan inklusi, Keterampilan psikososial dalam penanganan korban bencana, Pelatihan pengelolaan dana dan bantuan, Epidemi dan wabah penyakit",Tidak,"Pendataan golongan darah, Pendataan penyintas COVID-19, Pendataan pekerjaan/kegiatan usaha jemaat","Ya, > 2 tahun","Lampu senter, Lampu darurat, Kotak P3K, Alat pengeras suara, Genset","BPBD/BNPB, LSM/NGO Kebencanaan, Kelompok masyarakat peduli bencana",11 Oktober 2021,#FF8E00,#31AA75,#31AA75,#31AA75,#31AA75,#31AA75,#31AA75,#FF8E00,#31AA75,#FF8E00,#31AA75,#FF8E00,#FF8E00,Tidak punya,Tidak Tahu
GKI Gejayan,"Jl. Jembatan Merah 84D, Prayan Kulon, Soropadan, Depok, Sleman, DIY.",Daerah Istimewa Yogyakarta,-7.763464,110.394965,6500,(Abu) Gunung Meletus,Gempa Bumi,Angin Kencang,Punya,Punya,Tidak punya,Ya,ya,Punya,Ya,Tidak Ada,Tidak terdampak,Ya,Punya,Tidak punya,Punya,Punya,Ya,Ya,Ya,Ya,Ya,Insidental (penggalangan dana/persembahan bencana),"TNI/POLRI, PMI/SAR/ Damkar (Pemadam Kebakaran), BNPT (Badan Nasional Penanganan Terorisme), FKUB (Forum Kerukunan Umat Beragama), LSM/NGO",Tidak,Tidak,Siap,Ya,Ya,"Perubahan iklim dan dampaknya, lingkungan, kualitas, dan kelestarian, Epidemi dan wabah penyakit","Perubahan iklim dan dampaknya, lingkungan, kualitas, dan kelestarian, Epidemi dan wabah penyakit",Tidak,"Pendataan golongan darah, Pendataan penyintas COVID-19, Pendataan pekerjaan/kegiatan usaha jemaat","Ya, > 2 tahun","Peluit, Tandu, Alat pemadam kebakaran, Alat pengeras suara, Safety Box berisi dokumen penting, Genset","BPBD/BNPB, LSM/NGO Kebencanaan, Kelompok masyarakat peduli bencana","Senin, 11 Oktober 2021",#FF8E00,#31AA75,#31AA75,#31AA75,#F7EA00,#31AA75,#31AA75,#CF3333,#31AA75,#FF8E00,#31AA75,#FF8E00,#FF8E00,Punya,Tahu
GKI Gondomanan ,Jl. Ledok Gondomanan 01 Yogyakarta 55121,Daerah Istimewa Yogyakarta,-7.803937,110.370249,356,Pandemi Covid19,Banjir,Angin Puting Beliung,Tidak Punya,Tidak Punya,Tidak punya,Ya,Ya,Tidak Punya,Ya,Ringan,Tidak terdampak,Tidak,Tidak punya,Tidak punya,Tidak punya,Punya,Ya,Ya,Ya,Tidak,Ya,Insidental dan alokasi anggaran bulanan khusus bencana,"LSM/NGO, Sinode Wilayah GKI",Tidak,Ya,Siap,Ya,Ya,"Pelatihan Pertolongan Pertama pada Gawat Darurat (PPGD), Rencana Kontijensi Bencana (rencana gereja bergerak bersama jejaring seperti pelatihan dengan BPBD/BNPB/LSM/SAR, dll.), Epidemi dan wabah penyakit","Pelatihan Pertolongan Pertama pada Gawat Darurat (PPGD), Rencana Kontijensi Bencana (rencana gereja bergerak bersama jejaring seperti pelatihan dengan BPBD/BNPB/LSM/SAR, dll.), Epidemi dan wabah penyakit",,"Pendataan kelompok rentan (disabilitas, lansia, ibu hamil, dan anak-anak), Pendataan penyintas COVID-19, Pendataan ekonomi jemaat (tingkat perekonomian jemaat, bagaimana cara jemaat mengatasi perubahan kebutuhan ekonomi disaat pandemi), Pendataan pekerjaan/kegiatan usaha jemaat","Jika tekait Covid 19, pernah mengikuti","Lampu senter, Lampu darurat, Kotak P3K, Alat pemadam kebakaran, Alat pengeras suara, Genset","BPBD/BNPB, SAR, PMI","Selasa, 12/10/2021",#31AA75,#FF8E00,#31AA75,#31AA75,#F7EA00,#31AA75,#31AA75,#31AA75,#31AA75,#FF8E00,#31AA75,#FF8E00,#FF8E00,Tidak punya,Tahu