name,address,province,Longitude,Latitude,congregation,risk_1,risk_2,risk_3,preparedness,emergencyResPlan,warningSystem,permanentBuilding,doorWindow,constructionDoc,earthquakeResistant,buildingEarthquakeImpact,facilityEarthquakeImpact,faciltyEndanger,evacuationPath,evacuationPathVulnerable,evacuationOfficer,emergencyCommission,facingDisasterProg,handlingSkill,specialBudget,interactionGuide,emergencyResponse,raiseFunds,provideTraining,churchEducation,riskreduction,disasterOccurs,economicDev,buildingCode,trainingNeeds,increaseCapacity,disasterResponseSOP,dataRoutine,evacuationSimulation,preparednessTools,competent,lastUpdate,Gempa,Banjir,KekeRingan,Tsunami,Cuaca Ekstrim,Gelombang Ekstrim dan Abrasi,Kebakaran Hutan dan Lahan,Letusan Gunung Berapi,Tanah Longsor,Multi Bahaya,Likuefaksi,Terorisme,Konflik
Gereja Kibaid Jemaat Palu,Jln. Gereja No 13,Sulawesi Tengah,-0.90895,119.8854,211,Epidemi dan wabah penyakit (covid),Gempa Bumi,Konflik Sosial,Punya,Punya,Tidak punya,Tidak,Ya,Punya,Ya,Tidak Ada,Tidak terdampak,Tidak,Punya,Punya,Tidak punya,Tidak punya,Tidak,Ya,Ya,Ya,Tidak,Insidental dan alokasi anggaran bulanan khusus bencana,Belum pernah,"Ibadah minggu, Sekolah Minggu","Khotbah, Infokus (slide berjalan), live streaming, warta jemaat",Siap,Bantuan modal,Ya,"Simulasi menghadapi bencana, Sosialisasi dan pemahaman dalam menghadapi bencana, contohnya jika terjadi gempa jemaat tidak terlalu panik dan tahu apa yang harus dilakukan",Sosialisasi dan pemahaman dalam menghadapi bencana,Tidak,"Pendataan kelompok rentan (disabilitas, lansia, ibu hamil, dan anak-anak), Pendataan pekerjaan/kegiatan usaha jemaat",Tidak,"Alat pengeras suara, Genset, Tenda, peralatan dapur untuk dapur umum, tempat cuci tangan","BPBD/BNPB, SAR, PMI",23 April 2021,#CF3333,#31AA75,#31AA75,#31AA75,#FF8E00,#31AA75,#31AA75,#31AA75,#31AA75,#CF3333,#31AA75,#FF8E00,#FF8E00
Gereja Dome of Bethany Jemaat Palu,Jl. Sulawesi no 391 kota palu,Sulawesi Tengah,-0.90016,119.8708,1200,Gempa Bumi,Terorisme,Konflik sosial,Tidak punya,Tidak Punya,Tidak punya,Ya,Ya,Punya,Ya,Ringan,Terdampak tetapi masih ada pada tempatnya,Tidak,Tidak punya,Tidak punya,Tidak punya,Tidak punya,Tidak,Ya,Tidak,Tidak,Tidak,Insidental (penggalangan dana/persembahan bencana),Tidak Ada,Tidak Ada,"Khotbah, Video, Poster, Siaran radio, Broadcast message WhatsApp Group",Siap,Tidak Ada,Ya,"Teologi Bencana (Church and Community Transformation Resilience Approach-CCT), Rencana Kontijensi Bencana (rencana gereja bergerak bersama jejaring seperti pelatihan dengan BPBD/BNPB/LSM/SAR, dll.), Simulasi menghadapi bencana, Perubahan iklim dan dampaknya, lingkungan, kualitas, dan kelestarian, Keterampilan psikososial dalam penanganan korban bencana, Pelatihan pengelolaan dana dan bantuan, Terorisme",Tidak Ada,Tidak,"Pendataan kelompok rentan (disabilitas, lansia, ibu hamil, dan anak-anak), Pendataan golongan darah, Pendataan ekonomi jemaat (tingkat perekonomian jemaat, bagaimana cara jemaat mengatasi perubahan kebutuhan ekonomi disaat pandemi), Pendataan pekerjaan/kegiatan usaha jemaat",Tidak,"Kotak P3K, Safety Box berisi dokumen penting, Genset","BPBD/BNPB, SAR, PMI",23 April 2021,#CF3333,#31AA75,#31AA75,#31AA75,#FF8E00,#31AA75,#31AA75,#31AA75,#31AA75,#CF3333,#FF8E00,#FF8E00,#FF8E00
GKST Musafir Palu,Jalan Towua Lorong Sintuwu 2,Sulawesi Tengah,-0.92914,119.8801,256,Gempa Bumi,Wabah Penyakit/Covid19,Terorisme,Tidak Punya,Tidak Punya,Tidak punya,Ya,Ya,Punya,Tidak,Ringan,Terdampak tetapi masih ada pada tempatnya,Ya,Punya,Punya,Punya,Punya,Tidak,Ya,Tidak,Tidak,"Wabah penyakit, Terorisme, gempa bumi",Insidental (penggalangan dana/persembahan bencana),LSM/NGO,"Ibadah minggu, Pendalaman Alkitab, Sekolah Minggu","Khotbah, Poster, Broadcast message WhatsApp Group",Siap,Tidak Ada,Tidak,"Manajemen Barak, Teologi Bencana (Church and Community Transformation Resilience Approach-CCT), Rencana Kontijensi Bencana (rencana gereja bergerak bersama jejaring seperti pelatihan dengan BPBD/BNPB/LSM/SAR, dll.), Simulasi menghadapi bencana, Interaksi dan konflik sosial, Keterampilan psikososial dalam penanganan korban bencana, Pelatihan pengelolaan dana dan bantuan, Epidemi dan wabah penyakit, Terorisme",Jika ada pelatihan gereja tangguh bencana diharapkan dilaksanakan secara sistematis dan berkesinambungan serta sesuai dengan kondisi masing-masing gereja,Ya,"Pendataan kelompok rentan (disabilitas, lansia, ibu hamil, dan anak-anak), Pendataan penyintas COVID-19, Pendataan ekonomi jemaat (tingkat perekonomian jemaat, bagaimana cara jemaat mengatasi perubahan kebutuhan ekonomi disaat pandemi), Pendataan pekerjaan/kegiatan usaha jemaat","Ya, 1-2 tahun","Helm, Lampu senter, Lampu darurat, Kotak P3K, Peralatan balut bidai, Alat pengeras suara, Genset","BPBD/BNPB, SAR, LSM/NGO Kebencanaan, PMI, Kelompok masyarakat peduli bencana",23 April 2021,#CF3333,#F7EA00,#31AA75,#31AA75,#FF8E00,#31AA75,#31AA75,#31AA75,#31AA75,#CF3333,#31AA75,#FF8E00,#FF8E00
Bala Keselamatan Korps Towua,Jl. Towua No. 80,Sulawesi Tengah,-0.94799,119.8418,420,Gempa Bumi,Angin puting beliung,Covid19,Tidak Punya,Tidak punya,Tidak punya,Ya,Ya,Punya,Ya,Ringan,Terdampak tetapi masih ada pada tempatnya,Tidak,Punya,Punya,Tidak punya,Tidak punya,Tidak,Ya,Tidak,Ya,Tidak,Insidental (penggalangan dana/persembahan bencana),"TNI/POLRI, BNPB/BPBD","Ibadah minggu, Sekolah Minggu","Khotbah, Poster",Sedikit siap,Keterampilan,Ya,"Pelatihan Pertolongan Pertama pada Gawat Darurat (PPGD), Teologi Bencana (Church and Community Transformation Resilience Approach-CCT), Rencana Kontijensi Bencana (rencana gereja bergerak bersama jejaring seperti pelatihan dengan BPBD/BNPB/LSM/SAR, dll.), Simulasi menghadapi bencana, Perubahan iklim dan dampaknya, lingkungan, kualitas, dan kelestarian, Interaksi dan konflik sosial, Disabilitas dan inklusi, Keterampilan psikososial dalam penanganan korban bencana, Pelatihan pengelolaan dana dan bantuan, Epidemi dan wabah penyakit, Terorisme",Simulasi kebencanaan dan pelatihan pendampingan kebencanaan,Tidak,"Pendataan kelompok rentan (disabilitas, lansia, ibu hamil, dan anak-anak), Pendataan penyintas COVID-19","Ya, > 2 tahun",Genset,"BPBD/BNPB, SAR, LSM/NGO Kebencanaan",23 April 2021,#CF3333,#F7EA00,#31AA75,#31AA75,#FF8E00,#31AA75,#31AA75,#31AA75,#31AA75,#CF3333,#31AA75,#FF8E00,#FF8E00
Huria Kristen Batak Protestan (HKBP) Resort Palu,Jl. Gereja No. 36 Tanjung Manimbaya,Sulawesi Tengah,-0.9109,119.8849,360,Gempa Bumi ,"Wabah penyakit, Covid19",Konflik antar kelompok/antar komunitas masyarakat,Punya,Punya,Tidak punya,Ya,Ya,Punya,Ya,Ringan,Terdampak tetapi masih ada pada tempatnya,Tidak,Tidak punya,Tidak punya,Punya,Punya,Tidak,Ya,Ya,Tidak,Gempa Bumi,Insidental dan alokasi anggaran bulanan khusus bencana,Tim Dari kantor Pusat HKBP,Ibadah minggu,Broadcast message WhatsApp Group,Sangat siap,Bantuan usaha,Ya,"Pelatihan Pertolongan Pertama pada Gawat Darurat (PPGD), Manajemen Barak, Teologi Bencana (Church and Community Transformation Resilience Approach-CCT), Simulasi menghadapi bencana, Disabilitas dan inklusi, Keterampilan psikososial dalam penanganan korban bencana, Pelatihan pengelolaan dana dan bantuan, Epidemi dan wabah penyakit",Simulasi masalah tanggap bencana ,Tidak,Pendataan penyintas COVID-19,Tidak,Kotak P3K,"BPBD/BNPB, SAR, LSM/NGO Kebencanaan",24 April 2021,#CF3333,#31AA75,#31AA75,#31AA75,#FF8E00,#31AA75,#31AA75,#31AA75,#31AA75,#CF3333,#31AA75,#FF8E00,#FF8E00
GPDI pedati kota palu,Jl. Pattimura no 76 kota palu,Sulawesi Tengah,-0.90326,119.8697,350,Gempa bumi,Terorisme,Konflik sosial,Tidak Punya,Tidak punya,Tidak punya,Ya,Ya,Punya,Ya,Sedang,Terdampak dan berhamburan ketika gempa,Tidak,Tidak punya,Tidak punya,Tidak punya,Tidak punya,Tidak,Ya,Tidak,Tidak,Tidak,Insidental (penggalangan dana/persembahan bencana),Tidak Ada,Tidak Ada,Tidak Ada,Tidak siap,Tidak Ada,Ya,"Pelatihan Pertolongan Pertama pada Gawat Darurat (PPGD), Manajemen Barak, Teologi Bencana (Church and Community Transformation Resilience Approach-CCT), Rencana Kontijensi Bencana (rencana gereja bergerak bersama jejaring seperti pelatihan dengan BPBD/BNPB/LSM/SAR, dll.), Simulasi menghadapi bencana, Interaksi dan konflik sosial, Keterampilan psikososial dalam penanganan korban bencana, Pelatihan pengelolaan dana dan bantuan, Epidemi dan wabah penyakit, Terorisme",Tidak Ada,Tidak,Tidak Ada,Tidak,"Alat pengeras suara, Safety Box berisi dokumen penting, Genset","BPBD/BNPB, SAR, PMI",24 April 2021,#CF3333,#CF3333,#31AA75,#31AA75,#FF8E00,#31AA75,#31AA75,#31AA75,#31AA75,#CF3333,#31AA75,#FF8E00,#FF8E00
GPdi Jemaat Kota Palu,Jalan Gajah Mada no 4,Sulawesi Tengah,-0.89793,119.8649,1200,Covid19,Gempa bumi,Terorisme (sebenarnya Tidak Ada),Punya,Punya,Tidak punya,Ya,Ya,Punya,Ya,Tidak Ada,Terdampak tetapi masih ada pada tempatnya,Tidak,Punya,Tidak punya,Tidak punya,Tidak punya,Tidak,Ya,Ya,Tidak,Tidak,Insidental dan alokasi anggaran bulanan khusus bencana,BNPB/BPBD,Ibadah minggu,"Khotbah, Video, Broadcast message WhatsApp Group",Siap,Tidak Ada,Ya,"Pelatihan Pertolongan Pertama pada Gawat Darurat (PPGD), Manajemen Barak, Teologi Bencana (Church and Community Transformation Resilience Approach-CCT), Rencana Kontijensi Bencana (rencana gereja bergerak bersama jejaring seperti pelatihan dengan BPBD/BNPB/LSM/SAR, dll.), Simulasi menghadapi bencana, Perubahan iklim dan dampaknya, lingkungan, kualitas, dan kelestarian, Interaksi dan konflik sosial, Disabilitas dan inklusi, Keterampilan psikososial dalam penanganan korban bencana, Pelatihan pengelolaan dana dan bantuan, Epidemi dan wabah penyakit, Terorisme, Dana",Pelatihan sangat dibutuhkan beserta perangkatnya dan dananya,Tidak,"Pendataan kelompok rentan (disabilitas, lansia, ibu hamil, dan anak-anak), Pendataan golongan darah, Pendataan pekerjaan/kegiatan usaha jemaat",2 hari (sosialisasi),"Kotak P3K, Alat pemadam kebakaran, Alat pengeras suara, Safety Box berisi dokumen penting, Genset","BPBD/BNPB, Kelurahan",24 April 2021,#CF3333,#CF3333,#31AA75,#31AA75,#FF8E00,#31AA75,#31AA75,#31AA75,#31AA75,#CF3333,#31AA75,#FF8E00,#FF8E00
Gereja Kristen Bathani Jemaat Kadosh,Jl. Nusakambangan No 3 Kota Palu,Sulawesi tengah,-0.90122,119.8697,250,Gempa bumi,Terorisme,Kebakaran pemukiman,Tidak Punya,Tidak punya,Tidak punya,Ya,Ya,Punya,Ya,Ringan,Hanya speaker yang jatuh Karena disusun 2,Tidak,Tidak punya,Tidak punya,Tidak punya,Tidak punya,Tidak,Ya,Ya,Tidak,Tidak,Insidental dan alokasi anggaran bulanan khusus bencana,Tidak Ada,Tidak Ada,Tidak Ada,Tidak siap,Tidak Ada,Ya,"Pelatihan Pertolongan Pertama pada Gawat Darurat (PPGD), Manajemen Barak, Teologi Bencana (Church and Community Transformation Resilience Approach-CCT), Simulasi menghadapi bencana, Perubahan iklim dan dampaknya, lingkungan, kualitas, dan kelestarian, Interaksi dan konflik sosial, Terorisme",Tidak Ada ,Tidak,"Pendataan golongan darah, Pendataan ekonomi jemaat (tingkat perekonomian jemaat, bagaimana cara jemaat mengatasi perubahan kebutuhan ekonomi disaat pandemi), Pendataan pekerjaan/kegiatan usaha jemaat","Ya, > 2 tahun","Peluit, Lampu senter, Lampu darurat, Kotak P3K, Alat pemadam kebakaran, Safety Box berisi dokumen penting, Genset","BPBD/BNPB, SAR, PMI",24 April 2021,#CF3333,#31AA75,#31AA75,#31AA75,#FF8E00,#31AA75,#31AA75,#31AA75,#31AA75,#CF3333,#31AA75,#FF8E00,#FF8E00
Gpdi Bethesda Keluarga ilahi,Jl. Moh. Hatta No.9-11,Sulawesi tengah,-0.89636,119.873,300,Gempa bumi,Terorisme,Konflik sosial,Tidak punya,Tidak punya,Tidak punya,Ya,Ya,Tidak punya,Ya,Plafon rubuh,Terdampak dan berpotensi membahayakan pengguna/jemaat,Tidak,Tidak punya,Tidak punya,Tidak punya,Tidak punya,Tidak,Ya,Tidak,Tidak,Tidak,Insidental (penggalangan dana/persembahan bencana),Tidak Ada,Tidak Ada,Broadcast message WhatsApp Group,Sedikit siap,Tidak Ada,Ya,"Pelatihan Pertolongan Pertama pada Gawat Darurat (PPGD), Manajemen Barak, Teologi Bencana (Church and Community Transformation Resilience Approach-CCT), Rencana Kontijensi Bencana (rencana gereja bergerak bersama jejaring seperti pelatihan dengan BPBD/BNPB/LSM/SAR, dll.), Simulasi menghadapi bencana, Perubahan iklim dan dampaknya, lingkungan, kualitas, dan kelestarian, Interaksi dan konflik sosial, Keterampilan psikososial dalam penanganan korban bencana, Pelatihan pengelolaan dana dan bantuan, Epidemi dan wabah penyakit, Terorisme",Tidak Ada,Tidak,Tidak Ada,Tidak,Tidak Ada,"BPBD/BNPB, SAR, PMI",25 April 2021,#CF3333,#31AA75,#31AA75,#31AA75,#FF8E00,#31AA75,#31AA75,#31AA75,#31AA75,#CF3333,#31AA75,#FF8E00,#FF8E00
GPID DIASPORA MAMBORO,Jl KARANA BELAKANG ASPOL BRIMOB MAMBORO KEL. Palu Utara Kota palu,Sulawesi tengah,-0.78612,119.8748,287,Gempa bumi,Angin topan/ angin kencang,- ,Punya,Tidak punya,Tidak punya,Ya,Ya,Tidak punya,Ya,,Tidak terdampak,Tidak,Punya tapi tidak dipasang,Punya,Punya,Tidak punya,Tidak,Ya,Ya,Tidak,Tidak,Alokasi anggaran khusus bencana (diambilkan dari persembahan bulan khusus bencana),Belum pernah ada pelatihan,"Ibadah minggu, Pelka dan kolom","Khotbah, Broadcast message WhatsApp Group, Warta jemaat",Siap,,Ya,"Pelatihan Pertolongan Pertama pada Gawat Darurat (PPGD), Manajemen Barak, Teologi Bencana (Church and Community Transformation Resilience Approach-CCT), Rencana Kontijensi Bencana (rencana gereja bergerak bersama jejaring seperti pelatihan dengan BPBD/BNPB/LSM/SAR, dll.), Simulasi menghadapi bencana, Keterampilan psikososial dalam penanganan korban bencana, Pelatihan pengelolaan dana dan bantuan, Epidemi dan wabah penyakit",Semua kegiatan bisa terlaksana apabila didukung sarana dan prasarana terutama dana yang besar untuk memfasilitasi. ,Tidak,"Pendataan kelompok rentan (disabilitas, lansia, ibu hamil, dan anak-anak), Pendataan penyintas COVID-19, Pendataan ekonomi jemaat (tingkat perekonomian jemaat, bagaimana cara jemaat mengatasi perubahan kebutuhan ekonomi disaat pandemi), Pendataan pekerjaan/kegiatan usaha jemaat",Belum pernah,"Genset, Tenda darurat, tempat tidur lapangan, perlengkapan dapur umum ","BPBD/BNPB, SAR, LSM/NGO Kebencanaan, PMI",25 April 2021,#CF3333,#31AA75,#31AA75,#31AA75,#FF8E00,#31AA75,#31AA75,#31AA75,#31AA75,#CF3333,#31AA75,#FF8E00,#FF8E00
Gereja Bethel Tabernakel Kristus Jemaat Alfa Omega Palu,Jln. Towua Lrg. Sintuwu II Palu,Sulawesi Tengah,-0.92778,119.8796,139,Kebakaran Pemukiman,Gempa Bumi,Wabah Penyakit Covid19,Tidak Punya,Tidak punya,Tidak punya,Ya,Ya,Punya,Ya,Tidak Ada,Terdampak tetapi masih ada pada tempatnya,Tidak,Tidak punya,Tidak punya,Punya,Tidak punya,Tidak,Ya,Tidak,Ya,Tidak,Insidental (penggalangan dana/persembahan bencana),TNI/POLRI,Tidak Ada,"Khotbah, Video, Broadcast message WhatsApp Group",Sedikit siap,Tidak Ada,Ya,"Pelatihan Pertolongan Pertama pada Gawat Darurat (PPGD), Manajemen Barak, Teologi Bencana (Church and Community Transformation Resilience Approach-CCT), Rencana Kontijensi Bencana (rencana gereja bergerak bersama jejaring seperti pelatihan dengan BPBD/BNPB/LSM/SAR, dll.), Simulasi menghadapi bencana, Perubahan iklim dan dampaknya, lingkungan, kualitas, dan kelestarian, Interaksi dan konflik sosial, Disabilitas dan inklusi, Keterampilan psikososial dalam penanganan korban bencana, Pelatihan pengelolaan dana dan bantuan, Epidemi dan wabah penyakit, Terorisme",Ada baiknya gereja membentuk satu tim terpadu untuk menghadapi kemungkinan terjadinya bencana di wilayah gereja,Tidak,"Pendataan kelompok rentan (disabilitas, lansia, ibu hamil, dan anak-anak)","Ya, > 2 tahun",Belum ada sama sekali,"BPBD/BNPB, SAR, LSM/NGO Kebencanaan, PMI, Kelompok masyarakat peduli bencana, Universitas/lembaga pendidikan",25 April 2021,#CF3333,#F7EA00,#31AA75,#31AA75,#FF8E00,#31AA75,#31AA75,#31AA75,#31AA75,#CF3333,#31AA75,#FF8E00,#FF8E00
GBI Woodward Palu,Jalan Woodward no 12,Sulawesi Tengah ,-0.90467,119.8734,800,Gempa ,Covid19,Terorisme,Tidak punya,Punya,Tidak punya,Ya,Ya,Punya,Ya,Tidak Ada,Tidak terdampak,Tidak,Punya,Tidak punya,Punya,Tidak punya,Tidak,Ya,Tidak,Tidak,Tidak,Insidental dan alokasi anggaran bulanan khusus bencana,TNI/POLRI,Ibadah minggu,"Khotbah, Video, Poster, Siaran radio, Broadcast message WhatsApp Group",Siap,Tidak Ada,Ya,"Pelatihan Pertolongan Pertama pada Gawat Darurat (PPGD), Manajemen Barak, Teologi Bencana (Church and Community Transformation Resilience Approach-CCT), Rencana Kontijensi Bencana (rencana gereja bergerak bersama jejaring seperti pelatihan dengan BPBD/BNPB/LSM/SAR, dll.), Simulasi menghadapi bencana, Perubahan iklim dan dampaknya, lingkungan, kualitas, dan kelestarian, Interaksi dan konflik sosial, Disabilitas dan inklusi, Keterampilan psikososial dalam penanganan korban bencana, Pelatihan pengelolaan dana dan bantuan, Epidemi dan wabah penyakit, Terorisme",Tidak Ada ,Tidak,"Pendataan kelompok rentan (disabilitas, lansia, ibu hamil, dan anak-anak), Pendataan golongan darah","Ya, > 2 tahun","Lampu senter, Kotak P3K, Alat pengeras suara, Safety Box berisi dokumen penting, Genset","BPBD/BNPB, SAR, PMI",25 April 2021,#CF3333,#31AA75,#31AA75,#31AA75,#FF8E00,#31AA75,#31AA75,#31AA75,#31AA75,#CF3333,#31AA75,#FF8E00,#FF8E00
Gereja Toraja Jemaat Sion Anutapura Palu,Jln. Purnawirawan No. 2,Sulawesi Tengah,-0.91595,119.8787,2853,Gempa Bumi,Angin Kencang,Terorisme,Tidak Punya,Tidak Punya,Tidak punya,Ya,Ya,Tidak punya,Tidak,Ringan,Tidak terdampak,Ya,Punya,Punya,Tidak punya,Tidak punya,Tidak,Ya,Ya,Tidak,Bencana gempa,Insidental dan alokasi anggaran bulanan khusus bencana,BNPB/BPBD,"Ibadah minggu, Sekolah Minggu","Khotbah, Video, Poster, Broadcast message WhatsApp Group, Baliho, warta jemaat",Siap,"Bantuan modal, Bantuan usaha, Keterampilan",Ya,"Teologi Bencana (Church and Community Transformation Resilience Approach-CCT), Simulasi menghadapi bencana, Epidemi dan wabah penyakit, Terorisme",Tidak Ada,Tidak,"Pendataan kelompok rentan (disabilitas, lansia, ibu hamil, dan anak-anak), Pendataan golongan darah, Pendataan ekonomi jemaat (tingkat perekonomian jemaat, bagaimana cara jemaat mengatasi perubahan kebutuhan ekonomi disaat pandemi), Pendataan pekerjaan/kegiatan usaha jemaat",Tidak,"Kotak P3K, Alat pemadam kebakaran, Safety Box berisi dokumen penting, Genset","BPBD/BNPB, PMI",26 April 2021,#CF3333,#F7EA00,#31AA75,#31AA75,#FF8E00,#31AA75,#31AA75,#31AA75,#31AA75,#CF3333,#31AA75,#FF8E00,#FF8E00
Gereja Toraja Jemaat Elim Palu,"Jl. Pramuka, Besusu Bar., Kec. Palu Tim., Kota Palu, Sulawesi Tengah 94111",Sulawesi Tengah,-0.89411,119.8678,2560,Banjir,Gempa,Angin Kencang,Punya,Tidak punya,Tidak punya,Ya,Ya,Tidak punya,Ya,Tehel retak,Tidak terdampak,Tidak,Punya,Tidak punya,Tidak punya,Tidak punya,Baru memikirkan,Ya,Ya,Ya,Covid,Insidental dan alokasi anggaran bulanan khusus bencana,TNI/POLRI,"Ibadah minggu, Pendalaman Alkitab, Ibadah kelompok (rumah tangga)","Khotbah, Video, Poster, Broadcast message WhatsApp Group",Siap,Bantuan usaha,Ya,"Pelatihan Pertolongan Pertama pada Gawat Darurat (PPGD), Simulasi menghadapi bencana, Interaksi dan konflik sosial, Epidemi dan wabah penyakit",Tidak Ada,Tidak,"Pendataan kelompok rentan (disabilitas, lansia, ibu hamil, dan anak-anak), Pendataan ekonomi jemaat (tingkat perekonomian jemaat, bagaimana cara jemaat mengatasi perubahan kebutuhan ekonomi disaat pandemi), Pendataan pekerjaan/kegiatan usaha jemaat",Tidak,"Kotak P3K, Alat pemadam kebakaran, Safety Box berisi dokumen penting, Genset","BPBD/BNPB, SAR",26 April 2021,#CF3333,#F7EA00,#31AA75,#31AA75,#FF8E00,#31AA75,#31AA75,#31AA75,#31AA75,#CF3333,#31AA75,#FF8E00,#FF8E00
GBI Rock Palu ,Jalan Towua No 75B ,Sulawesi Tengah ,-0.93048,119.8856,400,Gempa Bumi ,Terorisme ,Covid19,Punya,Tidak Punya,Tidak punya,Ya,Ya,Punya,Ya,Ringan,Terdampak tetapi masih ada pada tempatnya,Tidak,Tidak punya,Tidak punya,Tidak punya,Punya,Tidak,Ya,Ya,Tidak,Gempa bumi ,Insidental (penggalangan dana/persembahan bencana),FKUB (Forum Kerukunan Umat Beragama),Tidak Ada,Broadcast message WhatsApp Group,Sedikit siap,,Ya,"Pelatihan Pertolongan Pertama pada Gawat Darurat (PPGD), Teologi Bencana (Church and Community Transformation Resilience Approach-CCT), Simulasi menghadapi bencana, Keterampilan psikososial dalam penanganan korban bencana","Tidak Ada 
",Tidak,"Pendataan kelompok rentan (disabilitas, lansia, ibu hamil, dan anak-anak)","Ya, 1-2 tahun","Kotak P3K, Genset","BPBD/BNPB, LSM/NGO Kebencanaan, TAGANA",26 April 2021,#CF3333,#31AA75,#31AA75,#31AA75,#FF8E00,#31AA75,#31AA75,#31AA75,#31AA75,#CF3333,#FF8E00,#FF8E00,#FF8E00
Gereja Bala Keselamatan Korps Woodward ,Jalan Woodward No. 111,Sulawesi Tengah ,-0.90482,119.8724,500,Gempa Bumi ,Angin kencang ,Konfik Sosial ,Punya,Punya,Tidak punya,Ya,Ya,Punya,Ya,Tidak Ada,Terdampak dan berpotensi membahayakan pengguna/jemaat,Tidak,Punya,Tidak punya,Punya,Punya,Gereja Tidak Ada tapi BK ada,Ya,Ya,Tidak,"Covid19,  gempa bumi, banjir ",Insidental dan alokasi anggaran bulanan khusus bencana,"BNPT (Badan Nasional Penanganan Terorisme), LSM/NGO, Salvation Army Pusat","Ibadah minggu, Sekolah Minggu","Khotbah, Video, Poster, Siaran radio, Broadcast message WhatsApp Group, Sosial Media",Siap,,Ya,"Teologi Bencana (Church and Community Transformation Resilience Approach-CCT), Rencana Kontijensi Bencana (rencana gereja bergerak bersama jejaring seperti pelatihan dengan BPBD/BNPB/LSM/SAR, dll.), Simulasi menghadapi bencana, Perubahan iklim dan dampaknya, lingkungan, kualitas, dan kelestarian, Interaksi dan konflik sosial, Disabilitas dan inklusi, Pelatihan pengelolaan dana dan bantuan, Epidemi dan wabah penyakit, Terorisme",Edukasi bahaya bencana sesuai dengan keadaan dan situasi saat ini ,Ya,"Pendataan kelompok rentan (disabilitas, lansia, ibu hamil, dan anak-anak)","Ya, 1-2 tahun","Alat pengeras suara, Safety Box berisi dokumen penting, Genset","BPBD/BNPB, SAR, LSM/NGO Kebencanaan",26 April 2021,#CF3333,#F7EA00,#31AA75,#31AA75,#FF8E00,#31AA75,#31AA75,#31AA75,#31AA75,#CF3333,#31AA75,#FF8E00,#FF8E00
GPdI jemaat Torsina Palu,"Jl. Zebra VI, Birobuli Utara, Kec. Palu Sel., Kota Palu, Sulawesi Tengah 94235",Sulawesi Tengah,-0.92665,119.8878,150,Gempa Bumi,Angin Kencang,Covid 19,Punya,Punya,Tidak punya,Ya,Ya,Punya,Ya,Tidak Ada,Terdampak tetapi masih ada pada tempatnya,Tidak,Punya,Tidak punya,Tidak punya,Tidak punya,Tidak,Ya,Ya,Ya,Gempa Bumi dan Covid 19,Alokasi anggaran khusus bencana (diambilkan dari persembahan bulan khusus bencana),Belum ada,"Ibadah minggu, Sekolah Minggu, Ibadah Pemuda","Khotbah, Broadcast message WhatsApp Group, Baliho",Siap,Tidak Ada,Ya,"Perubahan iklim dan dampaknya, lingkungan, kualitas, dan kelestarian, Epidemi dan wabah penyakit, Terorisme",Tidak Ada,Tidak,Hanya secara umum (jumlah jenis kelamin),Tidak,"Alat pengeras suara, Genset","BPBD/BNPB, PMI",27 April 2021,#CF3333,#31AA75,#31AA75,#31AA75,#FF8E00,#31AA75,#31AA75,#31AA75,#31AA75,#CF3333,#31AA75,#FF8E00,#FF8E00
GKST Jemaat Immanuel Palu,Jl. Masjid Raya. Ni. 15 Palu,Sulawesi Tengah,-0.89958,119.8749,2747,Gempa Bumi,Epidemi dan Wabah Penyakit,Terorisme,Tidak Punya,Tidak Punya,Tidak punya,Ya,Ya,Tidak punya,Ya,Ringan,Terdampak tetapi masih ada pada tempatnya,Ya,Punya,Tidak punya,Punya,Tidak punya,Ya,Ya,Tidak,Tidak,Tidak,Insidental (penggalangan dana/persembahan bencana),LSM/NGO,"Ibadah minggu, Warta Jemaat","Khotbah, Siaran radio, Broadcast message WhatsApp Group, Warta Jemaat",Sedikit siap,Belum,Ya,"Pelatihan Pertolongan Pertama pada Gawat Darurat (PPGD), Simulasi menghadapi bencana, Disabilitas dan inklusi, Keterampilan psikososial dalam penanganan korban bencana, Pelatihan pengelolaan dana dan bantuan, Epidemi dan wabah penyakit",Pelatihan/Peningkatan kapasitas warga jemaat dalam pengurangan risiko bencana. ,Tidak,"Pendataan kelompok rentan (disabilitas, lansia, ibu hamil, dan anak-anak), Pendataan golongan darah, Pendataan pekerjaan/kegiatan usaha jemaat","Ya, 1-2 tahun","Lampu senter, Lampu darurat, Kotak P3K, Alat pemadam kebakaran, Alat pengeras suara, Safety Box berisi dokumen penting, Genset","BPBD/BNPB, LSM/NGO Kebencanaan, Kelompok masyarakat peduli bencana",27 April 2021,#CF3333,#31AA75,#31AA75,#31AA75,#FF8E00,#31AA75,#31AA75,#31AA75,#31AA75,#CF3333,#FF8E00,#FF8E00,#FF8E00
GPID Eben Haezer ,Jalan Borak No.1,Sulawesi Tengah ,-0.91081,119.8994,711,Gempa bumi,Konfik antar kelompok,Covid19,Tidak punya,Tidak punya,Tidak punya,Ya,Ya,Punya,Ya,Tidak Ada,Terdampak dan berpotensi membahayakan pengguna/jemaat,Tidak,Punya,Punya,Punya,Tidak punya,Tidak,Ya,Tidak,Tidak,Tidak,Insidental (penggalangan dana/persembahan bencana),LSM/NGO,Ibadah minggu,"Khotbah, Broadcast message WhatsApp Group",Sedikit siap,Tidak Ada,Ya,"Pelatihan Pertolongan Pertama pada Gawat Darurat (PPGD), Manajemen Barak, Teologi Bencana (Church and Community Transformation Resilience Approach-CCT), Rencana Kontijensi Bencana (rencana gereja bergerak bersama jejaring seperti pelatihan dengan BPBD/BNPB/LSM/SAR, dll.), Simulasi menghadapi bencana, Perubahan iklim dan dampaknya, lingkungan, kualitas, dan kelestarian, Interaksi dan konflik sosial, Disabilitas dan inklusi, Keterampilan psikososial dalam penanganan korban bencana, Pelatihan pengelolaan dana dan bantuan, Epidemi dan wabah penyakit, Terorisme",Pelatihan itu sangat dibutuhkan untuk menambah pemahaman jemaat dalam kesiapan menghadapi bencana ,Tidak,Tidak Ada,"Ya, 1-2 tahun","Safety Box berisi dokumen penting, Genset","BPBD/BNPB, LSM/NGO Kebencanaan",27 April 2021,#CF3333,#31AA75,#31AA75,#31AA75,#FF8E00,#31AA75,#31AA75,#31AA75,#31AA75,#CF3333,#31AA75,#FF8E00,#FF8E00
Gereja Kristen Tuhan Jemaat Trinity Palu,Jl. Sulawesi (Depan Kantor PLN Maesa) ,Sulawesi Tengah,-0.90099,119.8722,60,Gempa Bumi,Epidemi,Terorisme,Tidak punya,Tidak punya,Tidak punya,Ya,Ya,Punya,Ya,Tidak Ada,Terdampak tetapi masih ada pada tempatnya,Tidak,Punya,Punya,Tidak punya,Tidak punya,Tidak,Tidak,Tidak,Tidak,Tidak,Insidental (penggalangan dana/persembahan bencana),Belum pernah,Tidak Ada,Tidak Ada,Tidak siap,Tidak Ada,Ya,"Pelatihan Pertolongan Pertama pada Gawat Darurat (PPGD), Teologi Bencana (Church and Community Transformation Resilience Approach-CCT), Simulasi menghadapi bencana, Perubahan iklim dan dampaknya, lingkungan, kualitas, dan kelestarian, Disabilitas dan inklusi, Pelatihan pengelolaan dana dan bantuan, Epidemi dan wabah penyakit",Pelatihan tanggap bencana dan pengajaran teologi bencana,Tidak,Tidak Ada,Tidak,"Lampu senter, Genset","BPBD/BNPB, SAR, PMI",27 April 2021,#CF3333,#31AA75,#31AA75,#31AA75,#FF8E00,#31AA75,#31AA75,#31AA75,#31AA75,#CF3333,#FF8E00,#FF8E00,#FF8E00
Gereja Kristen Oikumene Yerusalem ,Asrama Korem Juanda ,Sulawesi Tengah ,-0.9058902,119.865273,70,Covid19,Gempa Bumi ,Tidak Ada konflik ,Tidak punya,Tidak punya,Tidak punya,Ya,Ya,Punya,Ya,Tidak Ada,Terdampak dan berpotensi membahayakan pengguna/jemaat,Tidak,Tidak punya,Tidak punya,Tidak punya,Tidak punya,Tidak,Ya,Tidak,Tidak,Covid19,Insidental (penggalangan dana/persembahan bencana),Jemaat Sendiri yang merupakan tenaga Kesehatan,Ibadah minggu,"Khotbah, Broadcast message WhatsApp Group",Siap,,Ya,"Pelatihan Pertolongan Pertama pada Gawat Darurat (PPGD), Simulasi menghadapi bencana",Tidak Ada ,Tidak,"Pendataan pekerjaan/kegiatan usaha jemaat, Tidak Ada",Tidak,"Alat pengeras suara, Safety Box berisi dokumen penting, Genset",Kelompok masyarakat peduli bencana,27 April 2021,#CF3333,#31AA75,#31AA75,#31AA75,#FF8E00,#31AA75,#31AA75,#31AA75,#31AA75,#CF3333,#31AA75,#FF8E00,#FF8E00
GKI Sulsel Jemaat Palu,jalan patimura No. 53,Sulawesi Tengah ,-0.90287,119.8699,554,Gempa Bumi ,Covid19,Terorisme ,Punya,Tidak Punya,Tidak punya,Ya,Ya,Punya,Ya,Tidak Ada,Tidak terdampak,Tidak,Tidak punya,Tidak punya,Tidak punya,Tidak punya,Tidak,Ya,Tidak,Tidak,Tidak,Insidental (penggalangan dana/persembahan bencana),Tidak pernah ,Ibadah minggu,"Video, Poster",Sedikit siap,Bantuan modal,Ya,"Pelatihan Pertolongan Pertama pada Gawat Darurat (PPGD), Simulasi menghadapi bencana, Keterampilan psikososial dalam penanganan korban bencana",Gereja perlu dibekali/diberikan pengetahuan untuk tanggap terhadap situasi yang dapat terjadi dilingkungannya ,Tidak,"Pendataan golongan darah, Pendataan pekerjaan/kegiatan usaha jemaat",Tidak,"Peluit, Lampu senter, Rompi, Kotak P3K, Alat pemadam kebakaran, Genset","LSM/NGO Kebencanaan, PMI, Kelompok masyarakat peduli bencana",27 April 2021,#CF3333,#CF3333,#31AA75,#31AA75,#FF8E00,#31AA75,#31AA75,#31AA75,#31AA75,#CF3333,#FF8E00,#FF8E00,#FF8E00
GPdI Jemaat Shallom ,jalan nusakambangan No.7,Sulawesi Tengah ,-0.90115,119.872,100,Covid19,Gempa Bumi,Tidak Ada,Tidak punya,Tidak punya,Tidak punya,Ya,Ya,Punya,Ya,Tidak Ada,Terdampak tapi masih bisa digunakan,Tidak,Punya,Punya,Tidak punya,Tidak punya,Tidak,Ya,Tidak,Tidak,Gempa bumi ,Insidental (penggalangan dana/persembahan bencana),LSM/NGO,Ibadah minggu,"Khotbah, Broadcast message WhatsApp Group",Siap,Tidak Ada,Ya,"Simulasi menghadapi bencana, Keterampilan psikososial dalam penanganan korban bencana, Epidemi dan wabah penyakit",Selalu mensosialisasi terkait kebencanaan dari pemerintah ,Tidak,"Pendataan kelompok rentan (disabilitas, lansia, ibu hamil, dan anak-anak)",Tidak,"Peluit, Lampu senter, Lampu darurat, Kotak P3K, Peralatan balut bidai, Alat pengeras suara, Genset",Kelompok masyarakat peduli bencana,27 April 2021,#CF3333,#31AA75,#31AA75,#31AA75,#FF8E00,#31AA75,#31AA75,#31AA75,#31AA75,#CF3333,#31AA75,#FF8E00,#FF8E00
Gereja Masehi Adven Hari Ketujuh Jemaat Maesa ,Jl. Sulawesi No.25,Sulawesi Tengah ,-0.90016,119.8701,240,Gempa bumi ,Covid19,Tidak Ada ,Punya,Tidak Punya,Tidak punya,Ya,Ya,Punya,Ya,Tidak Ada,Terdampak tapi masih bisa digunakan,Tidak,Punya,Tidak punya,Punya,Punya,Tidak,Ya,Tidak,Tidak,Gempa bumi dan covid19,Insidental (penggalangan dana/persembahan bencana),"LSM/NGO, Rs Adven Bandung ",Ibadah minggu,Broadcast message WhatsApp Group,Siap,Keterampilan,Ya,"Pelatihan Pertolongan Pertama pada Gawat Darurat (PPGD), Teologi Bencana (Church and Community Transformation Resilience Approach-CCT), Rencana Kontijensi Bencana (rencana gereja bergerak bersama jejaring seperti pelatihan dengan BPBD/BNPB/LSM/SAR, dll.), Simulasi menghadapi bencana, Interaksi dan konflik sosial, Keterampilan psikososial dalam penanganan korban bencana, Pelatihan pengelolaan dana dan bantuan, Epidemi dan wabah penyakit, Terorisme",Tidak Ada ,Tidak,"Pendataan kelompok rentan (disabilitas, lansia, ibu hamil, dan anak-anak), Pendataan golongan darah, Pendataan pekerjaan/kegiatan usaha jemaat","Ya, 1-2 tahun","Kotak P3K, Genset","BPBD/BNPB, LSM/NGO Kebencanaan, Kelompok masyarakat peduli bencana",27 April 2021,#CF3333,#F7EA00,#31AA75,#31AA75,#FF8E00,#31AA75,#31AA75,#31AA75,#31AA75,#CF3333,#31AA75,#FF8E00,#FF8E00
GPdI Vinear Palu ,Jalan Sulawesi No 43,Sulawesi Tengah ,-0.90011,119.8691,250,Gempa bumi ,Covid19,Tidak Ada ,Tidak punya,Tidak punya,Tidak punya,Ya,Ya,Punya,Ya,Tidak Ada,Tidak terdampak,Tidak,Tidak punya,Tidak punya,Spontanitas Jemaat ,Tidak punya,Tidak,Ya,Tidak,Tidak,Tidak,Insidental (penggalangan dana/persembahan bencana),Belum ada ,Ibadah minggu,Khotbah,Sedikit siap,Tidak Ada,Tidak,"Pelatihan Pertolongan Pertama pada Gawat Darurat (PPGD), Manajemen Barak, Teologi Bencana (Church and Community Transformation Resilience Approach-CCT), Rencana Kontijensi Bencana (rencana gereja bergerak bersama jejaring seperti pelatihan dengan BPBD/BNPB/LSM/SAR, dll.), Simulasi menghadapi bencana, Perubahan iklim dan dampaknya, lingkungan, kualitas, dan kelestarian, Interaksi dan konflik sosial, Disabilitas dan inklusi, Keterampilan psikososial dalam penanganan korban bencana, Pelatihan pengelolaan dana dan bantuan, Epidemi dan wabah penyakit, Terorisme",Tidak Ada ,Tidak,Tidak Ada,Tidak,"Lampu senter, Alat pengeras suara, Genset",Tidak Ada ,27 April 2021,#CF3333,#CF3333,#31AA75,#31AA75,#FF8E00,#31AA75,#31AA75,#31AA75,#31AA75,#CF3333,#31AA75,#FF8E00,#FF8E00
GKST Jemaat Anugerah Masomba,Jl. Tanjung Manimbaya IV. No. 05,Sulawesi Tengah,-0.90905,119.8818,530,Gempa Bumi,Terorisme,Konflik Sosial antar kelompok,Tidak Punya,Tidak Punya,Tidak punya,Ya,Ya,Punya,Ya,Ringan,Terdampak dan berpotensi membahayakan pengguna/jemaat,Ya,Tidak punya,Tidak punya,Tidak punya,Tidak punya,Tidak,Tidak,Tidak,Tidak,Tidak,Insidental (penggalangan dana/persembahan bencana),LSM/NGO,Tidak Ada,Tidak Ada,Sedikit siap,Tidak Ada,Ya,"Pelatihan Pertolongan Pertama pada Gawat Darurat (PPGD), Manajemen Barak, Teologi Bencana (Church and Community Transformation Resilience Approach-CCT), Rencana Kontijensi Bencana (rencana gereja bergerak bersama jejaring seperti pelatihan dengan BPBD/BNPB/LSM/SAR, dll.), Simulasi menghadapi bencana, Perubahan iklim dan dampaknya, lingkungan, kualitas, dan kelestarian, Interaksi dan konflik sosial, Disabilitas dan inklusi, Keterampilan psikososial dalam penanganan korban bencana, Pelatihan pengelolaan dana dan bantuan, Epidemi dan wabah penyakit, Terorisme",Simulasi/tanggap darurat menghadapi bencana alam,Tidak,"Pendataan ekonomi jemaat (tingkat perekonomian jemaat, bagaimana cara jemaat mengatasi perubahan kebutuhan ekonomi disaat pandemi), Pendataan pekerjaan/kegiatan usaha jemaat","Ya, 1-2 tahun","Kotak P3K, Safety Box berisi dokumen penting, Genset","BPBD/BNPB, LSM/NGO Kebencanaan, PMI",28 April 2021,#CF3333,#31AA75,#31AA75,#31AA75,#FF8E00,#31AA75,#31AA75,#31AA75,#31AA75,#CF3333,#FF8E00,#FF8E00,#FF8E00
BK korps 2 palu,Kancil bawah no. 67,Sulawesi tengah,-0.91691,119.8701,900,Gempa bimi,Covid 19,Terorisme,Punya,Punya,Punya,Ya,Tidak,Tidak punya,Ya,Ringan,Terdampak tetapi masih ada pada tempatnya,Tidak,Punya,Tidak punya,Punya,Punya,Ya,Ya,Tidak,Ya,Bencana gempa bumi,Insidental (penggalangan dana/persembahan bencana),Team penanggulangan bencana bala keselamatan internasional,"Ibadah minggu, Sekolah Minggu","Khotbah, Siaran radio, Broadcast message WhatsApp Group",Siap,,Ya,"Manajemen Barak, Teologi Bencana (Church and Community Transformation Resilience Approach-CCT), Rencana Kontijensi Bencana (rencana gereja bergerak bersama jejaring seperti pelatihan dengan BPBD/BNPB/LSM/SAR, dll.), Simulasi menghadapi bencana, Perubahan iklim dan dampaknya, lingkungan, kualitas, dan kelestarian, Interaksi dan konflik sosial, Disabilitas dan inklusi, Keterampilan psikososial dalam penanganan korban bencana, Pelatihan pengelolaan dana dan bantuan, Epidemi dan wabah penyakit, Terorisme","1. Simulasi penanggulangan bencana 
2. Epidemi dan wabah penyakit
3. Terorisme",Tidak,"Pendataan golongan darah, Pendataan penyintas COVID-19, Pendataan pekerjaan/kegiatan usaha jemaat","Ya, > 2 tahun","Peluit, Alat pemadam kebakaran, Alat pengeras suara, Safety Box berisi dokumen penting, Genset",BPBD/BNPB,28 April 2021,#CF3333,#CF3333,#31AA75,#31AA75,#FF8E00,#31AA75,#31AA75,#31AA75,#31AA75,#CF3333,#FF8E00,#FF8E00,#FF8E00
Gkst efhata palu,Jl. Banteng no 9,Sulawesi tengah,-0.93095,119.8845,880,Gempa bumi,Covid 19,Terorisme,Punya,Punya,Tidak punya,Ya,Ya,Punya,Ya,Tidak Ada,Tidak terdampak,Tidak,Punya,Tidak punya,Punya,Punya,Ya,Ya,Ya,Ya,Bencana gempa bumi dan covid 19,Insidental (penggalangan dana/persembahan bencana),"TNI/POLRI, BNPB/BPBD, PMI/SAR/ Damkar (Pemadam Kebakaran)","Ibadah minggu, Sekolah Minggu","Khotbah, Video, Broadcast message WhatsApp Group",Siap,,Ya,"Manajemen Barak, Rencana Kontijensi Bencana (rencana gereja bergerak bersama jejaring seperti pelatihan dengan BPBD/BNPB/LSM/SAR, dll.), Simulasi menghadapi bencana, Perubahan iklim dan dampaknya, lingkungan, kualitas, dan kelestarian, Epidemi dan wabah penyakit, Terorisme","Manajemen barak, simulasi menghadapi bencana, Perubahan iklim dan dampaknya, epidemi dan wabah penyakit, terorisme",Tidak,"Pendataan kelompok rentan (disabilitas, lansia, ibu hamil, dan anak-anak), Pendataan golongan darah","Ya, 1-2 tahun","Kotak P3K, Alat pemadam kebakaran, Alat pengeras suara, Safety Box berisi dokumen penting, Genset","BPBD/BNPB, SAR, Kelompok masyarakat peduli bencana",28 April 2021,#CF3333,#31AA75,#31AA75,#31AA75,#FF8E00,#31AA75,#31AA75,#31AA75,#31AA75,#CF3333,#31AA75,#FF8E00,#FF8E00
Gereja Toraja Jemaat Moria Palu,"Jl. Tj. Harapan No.13, Tatura Utara, Kec. Palu Sel., Kota Palu, Sulawesi Tengah 94111",Sulawesi tengah,-0.91011,119.8844,1268,Terorisme,Gempa Bumi,Epidemi dan wabah penyakit,Tidak punya,Tidak punya,Tidak punya,Ya,Ya,Punya,Ya,Ringan,Terdampak tetapi masih ada pada tempatnya,Tidak,Punya,Tidak punya,Tidak punya,Tidak punya,Tidak,Ya,Ya,Ya,Gempa dan covid,Insidental (penggalangan dana/persembahan bencana),"BNPB/BPBD, PMI/SAR/ Damkar (Pemadam Kebakaran)","Ibadah minggu, Sekolah Minggu","Khotbah, Poster, Broadcast message WhatsApp Group",Sedikit siap,"Bantuan modal, Bantuan usaha, Keterampilan",Ya,"Pelatihan Pertolongan Pertama pada Gawat Darurat (PPGD), Teologi Bencana (Church and Community Transformation Resilience Approach-CCT), Simulasi menghadapi bencana, Keterampilan psikososial dalam penanganan korban bencana, Epidemi dan wabah penyakit",Tidak Ada,Tidak,"Pendataan golongan darah, Pendataan pekerjaan/kegiatan usaha jemaat",Tidak,"Lampu senter, Alat pemadam kebakaran, Alat pengeras suara, Safety Box berisi dokumen penting, Genset","BPBD/BNPB, SAR, Kelompok masyarakat peduli bencana",28 April 2021,#CF3333,#31AA75,#31AA75,#31AA75,#FF8E00,#31AA75,#31AA75,#31AA75,#31AA75,#CF3333,#FF8E00,#FF8E00,#FF8E00
Gereja Kristen Sangkakala Indonesia (GKSI) GALILEA PALU,"Jl. Kesadaran II No.9, Tatura Utara, Kec. Palu Sel., Kota Palu, Sulawesi Tengah 94111",Sulawesi Tengah,-0.91604,119.8817,95,Gempa Bumi,Terorisme,Angin Kencang,Tidak Punya,Tidak punya,Tidak punya,Ya,Ya,Punya,Ya,Pada saat terjadi bencana gedung gereja tidak mengalami kerusakan,Terdampak tetapi masih ada pada tempatnya,Tidak,Punya,Tidak punya,Punya,Tidak punya,Tidak,Ya,Ya,Ya,Gempa dan Covid,Insidental (penggalangan dana/persembahan bencana),"TNI/POLRI, BNPB/BPBD, LSM/NGO, Lembaga Palu Bersatu Bangkit","Ibadah minggu, Sekolah Minggu","Khotbah, Video, Poster, Broadcast message WhatsApp Group, Facebook",Sedikit siap,Keterampilan,Ya,"Pelatihan Pertolongan Pertama pada Gawat Darurat (PPGD), Simulasi menghadapi bencana, Keterampilan psikososial dalam penanganan korban bencana",Tidak Ada,Tidak,"Pendataan ekonomi jemaat (tingkat perekonomian jemaat, bagaimana cara jemaat mengatasi perubahan kebutuhan ekonomi disaat pandemi), Pendataan pekerjaan/kegiatan usaha jemaat","Ya, 1-2 tahun","Lampu darurat, Rompi, Genset, Tenda ","BPBD/BNPB, LSM/NGO Kebencanaan, PMI",28 April 2021,#CF3333,#31AA75,#31AA75,#31AA75,#FF8E00,#31AA75,#31AA75,#31AA75,#31AA75,#CF3333,#31AA75,#FF8E00,#FF8E00
Gereja Masehi Advent Hari Ketujuh (GMAHK) Jemaat Tatura Palu,"Jl. Purnawirawan No.6, Tatura Sel., Kec. Palu Sel., Kota Palu, Sulawesi Tengah 94111",Sulawesi Tengah,-0.9167,119.8773,400,Gempa Bumi,Epidemi dan wabah penyakit,Terorisme,Punya,Punya,Tidak punya,Ya,Ya,Punya,Ya,Tidak Ada,Tidak terdampak,Tidak,Punya,Punya,Punya,Tidak punya,Tidak,Ya,Tidak,Tidak,Gempa dan covid,Insidental (penggalangan dana/persembahan bencana),Tidak Ada,Ibadah sabtu,"Khotbah, Broadcast message WhatsApp Group, Facebook",Siap,Tidak Ada,Ya,"Pelatihan Pertolongan Pertama pada Gawat Darurat (PPGD), Teologi Bencana (Church and Community Transformation Resilience Approach-CCT), Simulasi menghadapi bencana, Interaksi dan konflik sosial, Epidemi dan wabah penyakit",Tidak Ada,Tidak,Pendataan secara umum,Tidak,"Kotak P3K, Alat pengeras suara, Genset, Tenda","BPBD/BNPB, SAR, PMI",28 April 2021,#CF3333,#F7EA00,#31AA75,#31AA75,#FF8E00,#31AA75,#31AA75,#31AA75,#31AA75,#CF3333,#31AA75,#FF8E00,#FF8E00
Gereja Kristen Maranatha Indonesia,Jalan Karoya  I No. 44 F Palu,Sulawesi Tengah,-0.90717,119.8864,80,Gempa Bumi,Wabah Penyakit (Covid19,Kebebasan Beribadah,Tidak punya,Tidak punya,Tidak punya,Ya,Ya,Tidak punya,Belum teruji,Bangunan lama rubuh total,Pada saat gempa semua rusak total,Ya,Tidak punya,Tidak punya,Tidak punya,Tidak punya,Tidak,Ya,Tidak,Tidak,Tidak,Insidental dan alokasi anggaran bulanan khusus bencana,BNPB/BPBD,Tidak Ada,Tidak Ada,Sedikit siap,Tidak Ada,Ya,"Simulasi menghadapi bencana, Interaksi dan konflik sosial, Terorisme",Seminar atau simulasi tanggap bencana gempa bumi dan liquifaksi,Tidak,"Pendataan Kategorial, Bapak, Ibu, Pemuda dan Remaja",Tidak,Genset,BPBD/BNPB,28 April 2021,#CF3333,#31AA75,#31AA75,#31AA75,#FF8E00,#31AA75,#31AA75,#31AA75,#31AA75,#CF3333,#31AA75,#FF8E00,#FF8E00
Gereja Gkka Gibeon Palu,Jl. Zebra no. 49 palu,Sulawesi tengah,-0.92446,119.8826,179,Gemoa bumi,Epidemi penyakit,Terorisme,Tidak Punya,Tidak punya,Tidak punya,Ya,Ya,Punya,Ya,Ringan,Tidak terdampak,Tidak,Punya,Masih dalam perencanaan,Tidak punya,Tidak punya,Tidak,Ya,Tidak,Tidak,Tidak,Insidental (penggalangan dana/persembahan bencana),Belum ada,Tidak Ada,"Khotbah, Broadcast message WhatsApp Group",Sedikit siap,Tidak Ada,Ya,"Pelatihan Pertolongan Pertama pada Gawat Darurat (PPGD), Manajemen Barak, Simulasi menghadapi bencana, Perubahan iklim dan dampaknya, lingkungan, kualitas, dan kelestarian, Interaksi dan konflik sosial, Disabilitas dan inklusi, Epidemi dan wabah penyakit, Terorisme","Simulasi gempa, penanganan epidemi penyakit dan penanganan terorisme",Tidak,Tidak Ada,Tidak,"Alat pengeras suara, Safety Box berisi dokumen penting, Genset","BPBD/BNPB, PMI",1 mei 2021,#CF3333,#FF8E00,#31AA75,#31AA75,#FF8E00,#31AA75,#31AA75,#31AA75,#31AA75,#CF3333,#31AA75,#FF8E00,#FF8E00
GPdI eben haezer,Jl. Sulawesi bawah lrg. Singgani no. 13 A,Sulawesi tengah,-0.90107,119.8659,525,"Gempa bumi, angin kencang dan banjir",Eoidemi penyakit,Terorisme,Tidak punya,Tidak punya,Tidak punya,Ya,Ya,Punya,Ya,Ringan,Terdampak dan berpotensi membahayakan pengguna/jemaat,Tidak,Punya,Tidak punya,Tidak punya,Tidak punya,Ya,Ya,Tidak,Ya,Tidak,Insidental (penggalangan dana/persembahan bencana),BNPB/BPBD,"Ibadah minggu, Pendalaman Alkitab, Sekolah Minggu","Khotbah, Video, Broadcast message WhatsApp Group",Sedikit siap,Tidak Ada,Ya,"Pelatihan Pertolongan Pertama pada Gawat Darurat (PPGD), Manajemen Barak, Rencana Kontijensi Bencana (rencana gereja bergerak bersama jejaring seperti pelatihan dengan BPBD/BNPB/LSM/SAR, dll.), Simulasi menghadapi bencana, Disabilitas dan inklusi, Keterampilan psikososial dalam penanganan korban bencana, Pelatihan pengelolaan dana dan bantuan, Epidemi dan wabah penyakit, Terorisme","Pelatihan penanggulangan bencana gempa (simulasi), penangulangan penyakit dan teror gereja.",Tidak,Pendataan golongan darah,Tidak,"Alat pengeras suara, Safety Box berisi dokumen penting, Genset",SAR,1 mei 2021,#CF3333,#CF3333,#31AA75,#31AA75,#FF8E00,#31AA75,#31AA75,#31AA75,#31AA75,#CF3333,#31AA75,#FF8E00,#FF8E00
Gereja sidang jemaat Allah di Indonesia (GSJA),Jalan Tanjung manimbaya 114,Sulawesi tengah,-0.90857,119.8819,350,Konflik sosial antar kelompok/antar komunitas,Terorisme,Kebebasan beribadah,Tidak punya,Tidak punya,Tidak punya,Ya,Ya,Punya,Tidak,Ringan,Tidak terdampak,Tidak,Belum dibuat jalur atau rute evakuasi,Tidak punya,Tidak punya,Punya,Belum ada,Tidak,Tidak,Tidak,Tidak,Insidental (penggalangan dana/persembahan bencana),Belum pernah melaksanakan,Ibadah minggu,"Video, Broadcast message WhatsApp Group",Sedikit siap,Belum melakukan,Tidak,"Pelatihan Pertolongan Pertama pada Gawat Darurat (PPGD), Simulasi menghadapi bencana, Interaksi dan konflik sosial, Terorisme","Menyusun rencana pengembangan sistem peringatan, pemeliharaan persediaan dan pelatihan",Tidak,"Pendataan ekonomi jemaat (tingkat perekonomian jemaat, bagaimana cara jemaat mengatasi perubahan kebutuhan ekonomi disaat pandemi), Pendataan pekerjaan/kegiatan usaha jemaat",Tidak,"Alat pemadam kebakaran, Genset","BPBD/BNPB, LSM/NGO Kebencanaan, Kelompok masyarakat peduli bencana",2 Mei 2021,#CF3333,#31AA75,#31AA75,#31AA75,#FF8E00,#31AA75,#31AA75,#31AA75,#31AA75,#CF3333,#FF8E00,#FF8E00,#FF8E00
Gereja Toraja Mamasa Jemaat Filadelfia,Jalan Zebra lorong KSM palu,sulawesi tengah,-0.92476,119.8859,120,gempa bumi,kebakaran,terorisme,Punya,Tidak punya,Tidak punya,Ya,Tidak,Punya,Ya,Ada struktur tulangan yang lepas,Terdampak dan berpotensi membahayakan pengguna/jemaat,Ya,Tidak punya,Tidak punya,Tidak punya,Punya,Tidak,Ya,Tidak,Tidak,Tidak,Insidental (penggalangan dana/persembahan bencana),belum pernah,Ibadah minggu,Khotbah,Sedikit siap,belum ada,Ya,"Pelatihan Pertolongan Pertama pada Gawat Darurat (PPGD), Teologi Bencana (Church and Community Transformation Resilience Approach-CCT), Simulasi menghadapi bencana, Keterampilan psikososial dalam penanganan korban bencana, Pelatihan pengelolaan dana dan bantuan","pelatihan penanggulangan bencana alam gempa bumi, kebakaran, banjir dan lifukasi",Tidak,"Pendataan kelompok rentan (disabilitas, lansia, ibu hamil, dan anak-anak), Pendataan ekonomi jemaat (tingkat perekonomian jemaat, bagaimana cara jemaat mengatasi perubahan kebutuhan ekonomi disaat pandemi), Pendataan pekerjaan/kegiatan usaha jemaat",Tidak,"Alat pengeras suara, Genset","BPBD/BNPB, LSM/NGO Kebencanaan, PMI",2 mei 2021,#CF3333,#31AA75,#31AA75,#31AA75,#FF8E00,#31AA75,#31AA75,#31AA75,#31AA75,#CF3333,#FF8E00,#FF8E00,#FF8E00
Gpid Jemaat Sola Gratia,Jalan Tanjung manimbaya no 168 c kota palu,Sulawesi tengah,-0.909096,119.888465,300,Terorisme,Gempa bumi,Likuifaksi,Tidak punya,Tidak punya,Tidak punya,Ya,Ya,Tidak punya,Ya,Kerusakan pada lantai gedung,Terdampak tetapi masih ada pada tempatnya,Tidak,Punya,Punya,Punya,Tidak punya,Tidak,Ya,Tidak,Ya,Gempa bumi tsunami dan likuifaksi,Insidental (penggalangan dana/persembahan bencana),TNI/POLRI,Ibadah minggu,Khotbah,Sedikit siap,Tidak Ada,Ya,"Teologi Bencana (Church and Community Transformation Resilience Approach-CCT), Simulasi menghadapi bencana, Interaksi dan konflik sosial",Harus ada edukasi terlebih dahulu setelah diadakan pelatihan,Tidak,"Pendataan golongan darah, Pendataan penyintas COVID-19",Tidak,"Kotak P3K, Alat pengeras suara, Genset","BPBD/BNPB, SAR, PMI",2 Mei 2021,#CF3333,#31AA75,#31AA75,#31AA75,#FF8E00,#31AA75,#31AA75,#31AA75,#31AA75,#CF3333,#FF8E00,#FF8E00,#FF8E00
Gpid patmos Jonooge di sidera,Desa sidera bagian atas kecamatan Sigi biromaru kabupaten Sigi,Sulawesi tengah,-1.01869,119.9483,272,Konflik sosial,Terorisme,Gempa bumi ,Tidak punya,Tidak punya,Tidak punya,Ya,Ya,Tidak punya,Belum teruji,Bangunan baru,Hancur tdk berada di tempat,Ya,Tidak punya,Tidak punya,Tidak punya,Tidak punya,Tidak,Tidak,Tidak,Tidak,Tidak,Insidental (penggalangan dana/persembahan bencana),"BNPB/BPBD, LSM/NGO",Tidak Ada,Tidak Ada,Tidak siap,Bantuan modal,Ya,Pelatihan Pertolongan Pertama pada Gawat Darurat (PPGD),Pengetahuan tentang kebencanaan pertolongan/tindakan yang dapat dilakukan,Tidak,Tidak Ada,Tidak,"Lampu senter, Lampu darurat, Alat pengeras suara, Genset",BPBD/BNPB,1 Mei 2021,#CF3333,#31AA75,#31AA75,#31AA75,#FF8E00,#31AA75,#31AA75,#31AA75,#31AA75,#CF3333,#FF8E00,#FF8E00,#FF8E00
GBI Jemaat Malaya Palu,Jl. Towua Lrg. Malaya Palu,Sulawesi Tengah,-0.92946,119.8808,70,Gempa bumi,Kebakaran,Wabah penyakit Covid19,Tidak punya,Tidak punya,Tidak punya,Ya,Tidak,Punya,Tidak,Tiang yang miring,Terdampak dan berpotensi membahayakan pengguna/jemaat,Ya,Tidak punya,Tidak punya,Tidak punya,Tidak punya,Tidak,Ya,Tidak,Tidak,Tidak,Insidental (penggalangan dana/persembahan bencana),Belum ada,"Ibadah minggu, Sekolah Minggu","Khotbah, Poster, Broadcast message WhatsApp Group",Siap,Tidak Ada,Tidak,"Rencana Kontijensi Bencana (rencana gereja bergerak bersama jejaring seperti pelatihan dengan BPBD/BNPB/LSM/SAR, dll.), Epidemi dan wabah penyakit","1. Simulasi Tanggap darurat bencana
2. Pembentukan tim khusus serta pelatihan dalam tiap bidangnya",Tidak,Pendataan Jumlah keseluruhan Jemaat,Tidak,Genset,"BPBD/BNPB, SAR, PMI",2 Mei 2021,#CF3333,#F7EA00,#31AA75,#31AA75,#FF8E00,#31AA75,#31AA75,#31AA75,#31AA75,#CF3333,#FF8E00,#FF8E00,#FF8E00
Bala keselamatan Lekatu,Jalan Malonda RT 02 RW 01 kota palu,Sulawesi tengah,-0.85709,119.8129,700,Gempa bumi,Angin topan/kencang,Epidemi dan wadah penyakit,Tidak punya,Tidak punya,Tidak punya,Ya,Ya,Punya,Ya,Ringan,Terdampak tetapi masih ada pada tempatnya,Ya,Tidak punya,Tidak punya,Tidak punya,Tidak punya,Tidak,Tidak,Tidak,Tidak,Tidak,Insidental (penggalangan dana/persembahan bencana),LSM/NGO,"Ibadah minggu, Pendalaman Alkitab, Sekolah Minggu",,Tidak siap,Tidak Ada,Ya,"Simulasi menghadapi bencana, Perubahan iklim dan dampaknya, lingkungan, kualitas, dan kelestarian, Keterampilan psikososial dalam penanganan korban bencana, Epidemi dan wabah penyakit","Simulasi menghadapi bencana, perubahan iklim dan dampaknya, epidemi dan wabah penyakit",Tidak,"Pendataan kelompok rentan (disabilitas, lansia, ibu hamil, dan anak-anak), Pendataan ekonomi jemaat (tingkat perekonomian jemaat, bagaimana cara jemaat mengatasi perubahan kebutuhan ekonomi disaat pandemi)",Tidak,"Lampu senter, Genset","BPBD/BNPB, LSM/NGO Kebencanaan, Kelompok masyarakat peduli bencana",02 Mei 2021,#CF3333,#CF3333,#31AA75,#31AA75,#FF8E00,#31AA75,#31AA75,#31AA75,#31AA75,#CF3333,#31AA75,#FF8E00,#FF8E00
Gkmi jemaat mawar saron,Jalan keledai palu,Sulawesi tengah,-0.92746,119.8859,26,Gempa bumi,Konflik sosial,Terorisme,Tidak punya,Tidak punya,Tidak punya,Ya,Ya,Tidak punya,Tidak,Tidak Ada,Terdampak tetapi masih ada pada tempatnya,Tidak,Tidak punya,Tidak punya,Tidak punya,Tidak punya,Tidak,Tidak,Tidak,Tidak,Tidak,Insidental (penggalangan dana/persembahan bencana),Belum ada,Tidak Ada,Tidak Ada,Tidak siap,Tidak Ada,Ya,"Pelatihan Pertolongan Pertama pada Gawat Darurat (PPGD), Simulasi menghadapi bencana, Keterampilan psikososial dalam penanganan korban bencana",Sosialisasi mitigasi bagi anak-anak pada saat terjadi gempa,Tidak,Tidak Ada,Tidak,Lampu senter,BPBD/BNPB,2 Mei 2021,#CF3333,#31AA75,#31AA75,#31AA75,#FF8E00,#31AA75,#31AA75,#31AA75,#31AA75,#CF3333,#FF8E00,#FF8E00,#FF8E00
GPID Koinonia Palu,Jalan Tangkasi,Sulawesi Tengah,-0.92881,119.8891,450,Gempa bumi,Wabah penyakit,Konflik sosial,Tidak punya,Tidak punya,Tidak punya,Ya,Ya,Tidak punya,Tidak,Tidak Ada,Terdampak tetapi masih ada pada tempatnya,Ya,Tidak punya,Tidak punya,Tidak punya,Tidak punya,Ya,Ya,Tidak,Tidak,Tidak,Insidental (penggalangan dana/persembahan bencana),Tidak Ada,Ibadah minggu,"Khotbah, Broadcast message WhatsApp Group",Tidak siap,Tidak Ada,Ya,"Pelatihan Pertolongan Pertama pada Gawat Darurat (PPGD), Keterampilan psikososial dalam penanganan korban bencana",Sosialisasi tentang kebencanaan,Tidak,"Pendataan ekonomi jemaat (tingkat perekonomian jemaat, bagaimana cara jemaat mengatasi perubahan kebutuhan ekonomi disaat pandemi)",Tidak,Alat pengeras suara,"BPBD/BNPB, SAR, Kelompok masyarakat peduli bencana",2 Mei 2021,#CF3333,#31AA75,#31AA75,#31AA75,#FF8E00,#31AA75,#31AA75,#31AA75,#31AA75,#CF3333,#31AA75,#FF8E00,#FF8E00
Gereja Masehi Advent Hari Ketujuh Jemaat SetiaBudi Palu,Jln. Setiabudi No. 64 Palu,Sulawesi Tengah,-0.88805,119.8789,178,Gempa Bumi,Tsunami,Likuifaksi,Punya,Tidak Punya,"Punya, tetapi tidak berfungsi",Ya,Ya,Punya,Ya,Ringan,Terdampak tetapi masih ada pada tempatnya,Tidak,Punya,Punya,Punya,Punya,Ya,Ya,Ya,Ya,"Gempa Bumi, dll",Insidental dan alokasi anggaran bulanan khusus bencana,"TNI/POLRI, BNPB/BPBD, BNPT (Badan Nasional Penanganan Terorisme)","Ibadah minggu, Pendalaman Alkitab, Sekolah Minggu","Khotbah, Video, Poster, Broadcast message WhatsApp Group",Sedikit siap,Keterampilan,Ya,"Pelatihan Pertolongan Pertama pada Gawat Darurat (PPGD), Manajemen Barak, Teologi Bencana (Church and Community Transformation Resilience Approach-CCT), Simulasi menghadapi bencana, Perubahan iklim dan dampaknya, lingkungan, kualitas, dan kelestarian, Interaksi dan konflik sosial, Disabilitas dan inklusi, Keterampilan psikososial dalam penanganan korban bencana, Pelatihan pengelolaan dana dan bantuan, Epidemi dan wabah penyakit, Terorisme",Tidak Ada ,Tidak,Tidak Ada,"Ya, 1-2 tahun","Lampu senter, Kotak P3K, Alat pemadam kebakaran, Alat pengeras suara, Safety Box berisi dokumen penting, Genset, Ambulans","BPBD/BNPB, SAR, LSM/NGO Kebencanaan",3 Mei 2021,#CF3333,#31AA75,#31AA75,#31AA75,#FF8E00,#31AA75,#31AA75,#31AA75,#31AA75,#CF3333,#FF8E00,#FF8E00,#FF8E00
Gpid jemaat Manunggal,Jalan Towua no.11 palu,Sulawesi tengah,-0.9198835024,119.877948,1669,Gempa bumi,Epidemi dan wabah penyakit,Konflik sosial antar kelompok,Tidak punya,Tidak punya,Tidak punya,Ya,Ya,Tidak punya,Tidak,Ringan,Terdampak tetapi masih ada pada tempatnya,Ya,Tidak punya,Tidak punya,Tidak punya,Tidak punya,Tidak,Tidak,Tidak,Tidak,Tidak,Insidental (penggalangan dana/persembahan bencana),BNPB/BPBD,Ibadah minggu,"Khotbah, Video, Poster, Broadcast message WhatsApp Group",Tidak siap,Tidak Ada,Ya,"Pelatihan Pertolongan Pertama pada Gawat Darurat (PPGD), Simulasi menghadapi bencana, Keterampilan psikososial dalam penanganan korban bencana, Epidemi dan wabah penyakit","Koordinasi dengan semua recorder, penggunaan sarana dan prasarana kebencanaan, pelatihan tahun penyalahgunaan bencana di gereja",Tidak,"Pendataan kelompok rentan (disabilitas, lansia, ibu hamil, dan anak-anak), Pendataan golongan darah, Pendataan pekerjaan/kegiatan usaha jemaat",Tidak,"Lampu senter, Kotak P3K, Tandu, Alat pemadam kebakaran, Alat pengeras suara, Genset, Ambulans","BPBD/BNPB, SAR, LSM/NGO Kebencanaan",5 Mei 2021,#CF3333,#F7EA00,#31AA75,#31AA75,#FF8E00,#31AA75,#31AA75,#31AA75,#31AA75,#CF3333,#FF8E00,#FF8E00,#FF8E00
Gereja Pantekosta Tabernakel Kristus Kasih,Jl. Basuki Rahmat no.37 A,Sulawesi Tengah,-0.91891,119.8806,150,Gempa bumi,Liquifaksi,Tsunami,Punya,Tidak punya,Tidak punya,Ya,Ya,Tidak punya,Ya,Ringan,Terdampak tetapi masih ada pada tempatnya,Ya,Punya,Tidak punya,Tidak punya,Tidak punya,Tidak,Ya,Tidak,Tidak,Gempa bumi,Insidental dan alokasi anggaran bulanan khusus bencana,TNI/POLRI,Tidak Ada,Tidak Ada,Sedikit siap,Keterampilan,Tidak,Simulasi menghadapi bencana,Meningkatkan kesiap Siagaan untuk mengantisipasi bencana,Ya,Pendataan golongan darah,Tidak,Lampu senter,BPBD/BNPB,03 Mei 2021,#CF3333,#31AA75,#31AA75,#31AA75,#FF8E00,#31AA75,#31AA75,#31AA75,#31AA75,#CF3333,#FF8E00,#FF8E00,#FF8E00
GPID Pniel Palu,Jl. Cik Di Tiro. No. 20. Palu,Sulawesi Tengah,-0.89282,119.8721,1900,Gempa bumi,Epidemi dan wabah penyakit,Terorisme,Tidak punya,Tidak punya,Tidak punya,Ya,Ya,Punya,Ya,Ringan,Terdampak tetapi masih ada pada tempatnya,Tidak,Tidak punya,Tidak punya,Tidak punya,Tidak punya,Tidak,Ya,Tidak,Tidak,Tidak,Insidental (penggalangan dana/persembahan bencana),Belum pernah,"Ibadah minggu, Sekolah Minggu","Khotbah, Broadcast message WhatsApp Group, Warta Jemaat",Sedikit siap,Tidak Ada,Ya,"Pelatihan Pertolongan Pertama pada Gawat Darurat (PPGD), Teologi Bencana (Church and Community Transformation Resilience Approach-CCT), Rencana Kontijensi Bencana (rencana gereja bergerak bersama jejaring seperti pelatihan dengan BPBD/BNPB/LSM/SAR, dll.), Simulasi menghadapi bencana, Keterampilan psikososial dalam penanganan korban bencana, Pelatihan pengelolaan dana dan bantuan, Epidemi dan wabah penyakit",Pelatihan Simulasi menghadapi bencana,Tidak,"Pendataan kelompok rentan (disabilitas, lansia, ibu hamil, dan anak-anak), Pendataan golongan darah, Pendataan ekonomi jemaat (tingkat perekonomian jemaat, bagaimana cara jemaat mengatasi perubahan kebutuhan ekonomi disaat pandemi)","Ya, 1-2 tahun","Alat pemadam kebakaran, Safety Box berisi dokumen penting, Genset, Ambulans","BPBD/BNPB, LSM/NGO Kebencanaan, PMI",05 April 2021,#CF3333,#31AA75,#31AA75,#31AA75,#FF8E00,#31AA75,#31AA75,#31AA75,#31AA75,#CF3333,#FF8E00,#FF8E00,#FF8E00
GPID Getsemani Maesa Palu,Jalan Patimura No.15 Palu,Sulawesi Tengah,-0.89955,119.8689,876,Gempa bumi,Epidemi dan wabah penyakit covid 19,Terorisme,Tidak punya,Tidak punya,Tidak punya,Ya,Ya,Tidak punya,Ya,Ringan,Tidak terdampak,Ya,Punya,Tidak punya,Tidak punya,Tidak punya,Tidak,Tidak,Tidak,Tidak,Covid 19,Insidental (penggalangan dana/persembahan bencana),Tidak Ada,Ibadah minggu,"Khotbah, Broadcast message WhatsApp Group",Siap,Tidak Ada,Ya,"Pelatihan Pertolongan Pertama pada Gawat Darurat (PPGD), Manajemen Barak, Teologi Bencana (Church and Community Transformation Resilience Approach-CCT), Rencana Kontijensi Bencana (rencana gereja bergerak bersama jejaring seperti pelatihan dengan BPBD/BNPB/LSM/SAR, dll.), Simulasi menghadapi bencana, Perubahan iklim dan dampaknya, lingkungan, kualitas, dan kelestarian, Interaksi dan konflik sosial, Disabilitas dan inklusi, Keterampilan psikososial dalam penanganan korban bencana, Pelatihan pengelolaan dana dan bantuan, Epidemi dan wabah penyakit, Terorisme","Pelatihan tentang bencana, kesiap siagaan dalam menghadapi bencana",Tidak,Tidak Ada,Tidak,"Kotak P3K, Alat pemadam kebakaran, Genset","BPBD/BNPB, PMI",30 April 2021,#CF3333,#FF8E00,#31AA75,#31AA75,#FF8E00,#31AA75,#31AA75,#31AA75,#31AA75,#CF3333,#FF8E00,#FF8E00,#FF8E00
GKST Jemaat Siloam Palu,Jl. Karanjalemba lorong siloam palu,Sulawesi Tengah,-0.93457,119.8905,77,Gempa bumi ,Epidemi dan Wabah Penyakit (Covid 19) ,Konflik sosial antar kelompok /anatar komunitas masyarakat,Tidak punya,Tidak punya,Tidak punya,Ya,Ya,Punya,Ya,Ringan,Tidak terdampak,Tidak,Punya,Tidak punya jalur evakuasi aksesibel hanya memiliki jalur evakuasi umum,Tidak punya,Tidak punya,Tidak,Ya,Tidak,Ya,Tidak,Insidental (penggalangan dana/persembahan bencana),Belum pernah,"Ibadah minggu, Pendalaman Alkitab, Sekolah Minggu","Khotbah, Video, Broadcast message WhatsApp Group",Siap,Tidak Ada,Ya,"Pelatihan Pertolongan Pertama pada Gawat Darurat (PPGD), Teologi Bencana (Church and Community Transformation Resilience Approach-CCT), Rencana Kontijensi Bencana (rencana gereja bergerak bersama jejaring seperti pelatihan dengan BPBD/BNPB/LSM/SAR, dll.), Simulasi menghadapi bencana, Perubahan iklim dan dampaknya, lingkungan, kualitas, dan kelestarian, Interaksi dan konflik sosial, Keterampilan psikososial dalam penanganan korban bencana, Pelatihan pengelolaan dana dan bantuan, Epidemi dan wabah penyakit, Terorisme",Program pelatihan /simulasi tanggap darurat bencana ,Tidak,"Pendataan golongan darah, Pendataan pekerjaan/kegiatan usaha jemaat",Tidak,Genset,"BPBD/BNPB, SAR, PMI", 4 Mei 2021,#CF3333,#31AA75,#31AA75,#31AA75,#FF8E00,#31AA75,#31AA75,#31AA75,#31AA75,#CF3333,#FF8E00,#FF8E00,#FF8E00
Gereja Masehi Protestan Umum Jemaat Filea Palu,Jl. Towua lorong malaya palu,Sulawesi tengah,-0.93062,119.8812,120,Gempa bumi ,Banjir,Epidemi dan wabah penyakit (Covid 19) ,Tidak punya,Tidak punya,Tidak punya,Tidak,Tidak,Punya,Ya,Tidak Ada,Tidak terdampak,Tidak,Punya,Tidak punya,Tidak punya,Tidak punya,Tidak,Ya,Tidak,Ya,Tidak,Insidental (penggalangan dana/persembahan bencana),Belum pernah,"Ibadah minggu, Sekolah Minggu","Khotbah, Video, Poster, Broadcast message WhatsApp Group",Siap,Tidak Ada,Ya,"Pelatihan Pertolongan Pertama pada Gawat Darurat (PPGD), Teologi Bencana (Church and Community Transformation Resilience Approach-CCT)","Pembangunan  gedung yang permanent yang strukturnya tahan gempa, serta pembentukan tim siaga bencana yang terlatih",Tidak,Pendataan pekerjaan/kegiatan usaha jemaat,Tidak,Semua Tidak Ada,"BPBD/BNPB, LSM/NGO Kebencanaan, Kelompok masyarakat peduli bencana", 4 Mei 2021,#CF3333,#FF8E00,#31AA75,#31AA75,#FF8E00,#31AA75,#31AA75,#31AA75,#31AA75,#CF3333,#31AA75,#FF8E00,#FF8E00
GKST Victory Palu,Jl. Ki Hajar Dewantoro Palu lorong Cencer No.10A,Sulawesi Tengah,-0.89168,119.8849,94,Gempa bumi,Angin puting beliung,Tanah longsor,Tidak punya,Tidak punya,Tidak punya,Ya,Ya,Tidak punya,Ya,Ringan,Terdampak tetapi masih ada pada tempatnya,Tidak,Punya,Tidak punya,Tidak punya,Tidak punya,Tidak,Ya,Tidak,Ya,Tidak,Insidental (penggalangan dana/persembahan bencana),Belum ada,Ibadah minggu,Khotbah,Siap,Tidak Ada,Ya,Simulasi menghadapi bencana,Sosialisasi dan penguatan dalam menghadapi dan mengantisipasi bencana,Tidak,Tidak Ada,"Ya, > 2 tahun","Lampu senter, Genset","BPBD/BNPB, SAR, LSM/NGO Kebencanaan",01 Mei 2021,#CF3333,#31AA75,#31AA75,#31AA75,#FF8E00,#31AA75,#31AA75,#31AA75,#31AA75,#CF3333,#FF8E00,#FF8E00,#FF8E00
GKST jemaat Gamaliel karanjalemba palu,Jl. Karanjalemba 3 ,Sulawesi tengah,-0.93399,119.8902,123,Gempa bumi,Epidemi dan wabah penyakit (covid 19) ,Konflik sosial antar kelompok/antar komunitas masyarakat,Tidak punya,Tidak punya,Tidak punya,Ya,Ya,Punya,Ya,Ringan,Tidak terdampak,Ya,Punya,Tidak punya,Tidak punya,Tidak punya,Ya,Ya,Tidak,Ya,Tidak,Insidental (penggalangan dana/persembahan bencana),FKUB (Forum Kerukunan Umat Beragama),"Ibadah minggu, Sekolah Minggu","Khotbah, Broadcast message WhatsApp Group",Siap,,Ya,"Pelatihan Pertolongan Pertama pada Gawat Darurat (PPGD), Simulasi menghadapi bencana",Program Pembinaan pada jemaat untuk pelatihan tanggap darurat bencana,Tidak,Tidak Ada,Tidak,"Lampu senter, Genset","SAR, LSM/NGO Kebencanaan, Kelompok masyarakat peduli bencana", 4 Mei 2021,#CF3333,#31AA75,#31AA75,#31AA75,#FF8E00,#31AA75,#31AA75,#31AA75,#31AA75,#CF3333,#FF8E00,#FF8E00,#FF8E00
GPdI Filadelfia Tawaeli,Jl. Biaya Raya No. 127A,Sulawesi Tengah,-0.72125,119.8636,100,Gempa bumi,Pandemi Covid 19,Terorisme,Tidak punya,Tidak punya,Tidak punya,Ya,Tidak,Punya,Belum teruji,Bangunan baru di bangun pasca gempa 28 September 2018,Terdampak dan berpotensi membahayakan pengguna/jemaat,Tidak,Tidak punya,Tidak punya,Tidak punya,Tidak punya,Tidak,Ya,Tidak,Tidak,Tidak,Insidental (penggalangan dana/persembahan bencana),Belum pernah ada,"Ibadah minggu, Sekolah Minggu","Khotbah, Broadcast message WhatsApp Group",Sedikit siap,,Ya,"Pelatihan Pertolongan Pertama pada Gawat Darurat (PPGD), Simulasi menghadapi bencana, Keterampilan psikososial dalam penanganan korban bencana, Pelatihan pengelolaan dana dan bantuan",Simulasi tanggap darurat,Tidak,Tidak Ada,Tidak,Genset,Kepolisian, 04 Mei 2021,#FF8E00,#31AA75,#31AA75,#31AA75,#FF8E00,#31AA75,#31AA75,#31AA75,#31AA75,#CF3333,#FF8E00,#FF8E00,#FF8E00
Gereja Baptis (KGBI) Galilea Palu,Jl. Zebra Raya No. 60 ,Sulawesi tengah,-0.92731,119.885,90,Gempa bumi,Epidemi dan wabah penyakit (Covid19) ,Terorisme,Tidak Punya,Tidak Punya,Punya,Ya,Ya,Punya,Ya,Tidak Ada,Terdampak tetapi masih ada pada tempatnya,Tidak,Punya,Tidak punya,Punya,Punya,Ya,Ya,Ya,Ya,Gempa bumi,Insidental (penggalangan dana/persembahan bencana),BNPB/BPBD,Ibadah minggu,Khotbah,Siap,Tidak Ada,Ya,"Pelatihan Pertolongan Pertama pada Gawat Darurat (PPGD), Manajemen Barak, Simulasi menghadapi bencana, Keterampilan psikososial dalam penanganan korban bencana, Pelatihan pengelolaan dana dan bantuan",Program pelatihan dan simulasi dalam menghadapi bencana,Tidak,Tidak Ada,Tidak,Genset,"BPBD/BNPB, LSM/NGO Kebencanaan, Kelompok masyarakat peduli bencana", 4 Mei 2021,#CF3333,#31AA75,#31AA75,#31AA75,#FF8E00,#31AA75,#31AA75,#31AA75,#31AA75,#CF3333,#31AA75,#FF8E00,#FF8E00
GKST BETHEL WATUBULA,Jl. Rompi Desa Watubula Kecamatan Sigi Kota Kabupaten Sigi,Sulawesi Tengah,-1.03567,119.9002,108,Gempa bumi,Angin kencang,Konflik sosial,Punya,Tidak Punya,Tidak punya,Ya,Ya,Tidak punya,Tidak,Dinding gedung gereja miring,Terdampak tetapi masih ada pada tempatnya,Tidak,Punya,Tidak punya,Punya,Punya,Ya,Ya,Ya,Tidak,Tidak,Insidental (penggalangan dana/persembahan bencana),LSM/NGO,Ibadah minggu,Khotbah,Siap,Bantuan modal,Ya,"Simulasi menghadapi bencana, Keterampilan psikososial dalam penanganan korban bencana, Epidemi dan wabah penyakit","Menetapkan pengurus PRB jemaat
Meningkatkan ekonomi dan kapasitas jemaat dalam mengurangi resiko bencana",Tidak,"Pendataan ekonomi jemaat (tingkat perekonomian jemaat, bagaimana cara jemaat mengatasi perubahan kebutuhan ekonomi disaat pandemi), Pendataan pekerjaan/kegiatan usaha jemaat","Ya, 1-2 tahun","Lampu senter, Genset",Kelompok masyarakat peduli bencana,28 April 2021,#CF3333,#31AA75,#31AA75,#31AA75,#FF8E00,#31AA75,#31AA75,#31AA75,#31AA75,#CF3333,#31AA75,#FF8E00,#FF8E00
Gereja Masehi Adven Hari Ketujuh Jemaat Bethel,Jl. Malaya no.45 Birobuli Selatan Kota Palu,Sulawesi Tengah,-0.93107,119.8811,75,Gempa bumi,Covid19,Terorisme,Tidak Punya,Tidak Punya,Tidak punya,Ya,Tidak,Punya,Ya,Ringan,Terdampak tetapi masih ada pada tempatnya,Tidak,Punya,Punya,Punya,Punya,Ya,Ya,Ya,Ya,"1. Gempa bumi
2. Covid 19",Insidental (penggalangan dana/persembahan bencana),"TNI/POLRI, LSM/NGO","Ibadah minggu, Sekolah Minggu","Khotbah, Poster, Broadcast message WhatsApp Group",Siap,,Ya,Simulasi menghadapi bencana,"1. Untuk program-program gereja yang sudah ada lebih ditingkatkan lagi kapasitasnya.
2. Lebih menghimbau kepada jemaat untuk sama-sama menjaga kesehatan bersama",Tidak,"Pendataan kelompok rentan (disabilitas, lansia, ibu hamil, dan anak-anak), Pendataan ekonomi jemaat (tingkat perekonomian jemaat, bagaimana cara jemaat mengatasi perubahan kebutuhan ekonomi disaat pandemi), Pendataan pekerjaan/kegiatan usaha jemaat","Ya, > 2 tahun","Alat pengeras suara, Genset",LSM/NGO Kebencanaan,4 Mei 2021,#CF3333,#FF8E00,#31AA75,#31AA75,#FF8E00,#31AA75,#31AA75,#31AA75,#31AA75,#CF3333,#31AA75,#FF8E00,#FF8E00
Gereja Sidang Jemaat Kristus,Jalan Sulawesi No. 8 ,Sulawesi Tengah,-0.90033,119.8713,92,Gempa bumi ,Tsunami,Likuifaksi,Punya,Tidak punya,Tidak punya,Ya,Ya,Tidak punya,Ya,Ringan,Terdampak tetapi masih ada pada tempatnya,Tidak,Tidak punya,Tidak punya,Tidak punya,Tidak punya,Tidak,Ya,Ya,Tidak,Tidak,Insidental dan alokasi anggaran bulanan khusus bencana,Belum ada,Tidak Ada,Tidak Ada,Sedikit siap,Tidak Ada,Tidak,"Pelatihan Pertolongan Pertama pada Gawat Darurat (PPGD), Manajemen Barak, Teologi Bencana (Church and Community Transformation Resilience Approach-CCT), Rencana Kontijensi Bencana (rencana gereja bergerak bersama jejaring seperti pelatihan dengan BPBD/BNPB/LSM/SAR, dll.), Simulasi menghadapi bencana, Perubahan iklim dan dampaknya, lingkungan, kualitas, dan kelestarian, Interaksi dan konflik sosial, Disabilitas dan inklusi, Keterampilan psikososial dalam penanganan korban bencana, Pelatihan pengelolaan dana dan bantuan, Epidemi dan wabah penyakit, Terorisme","Simulasi atau sosialisasi video atau poster yang dapat di tempel, di putar saat ibadah dan disebarkan melalui grup sosial media gereja",Ya,"Pendataan kelompok rentan (disabilitas, lansia, ibu hamil, dan anak-anak), Pendataan ekonomi jemaat (tingkat perekonomian jemaat, bagaimana cara jemaat mengatasi perubahan kebutuhan ekonomi disaat pandemi), Pendataan pekerjaan/kegiatan usaha jemaat",Tidak,"Rompi, Kotak P3K, Alat pengeras suara, Genset",PMI,4 Mei 2021,#CF3333,#31AA75,#31AA75,#31AA75,#FF8E00,#31AA75,#31AA75,#31AA75,#31AA75,#CF3333,#FF8E00,#FF8E00,#FF8E00
BK Korps 1 Palu,Jl.  Patimura no. 2 Palu,Sulawesi tengah,-0.8977,119.8649,315,"Banjir,  gempa bumi",Epidemi penyakit,Terorisme,Punya,Punya,Tidak punya,Ya,Ya,Punya,Ya,Ringan,Terdampak tetapi masih ada pada tempatnya,Tidak,Tidak punya,Tidak punya,Tidak punya,Tidak Punya,Tidak,Ya,Ya,Tidak,Gempa bumi dan covid 19,Insidental dan alokasi anggaran bulanan khusus bencana,BNPB/BPBD,"Ibadah minggu, Pendalaman Alkitab, Sekolah Minggu","Khotbah, Poster, Siaran radio, Broadcast message WhatsApp Group",Sedikit siap,Tidak Ada,Ya,"Pelatihan Pertolongan Pertama pada Gawat Darurat (PPGD), Manajemen Barak, Epidemi dan wabah penyakit, Terorisme","Simulasi gempa,  kebakaran,  banjir, 
 epidemi penyakit dan terorisme",Tidak,Tidak Ada,"Ya, 1-2 tahun","Alat pemadam kebakaran, Alat pengeras suara, Genset","BPBD/BNPB, LSM/NGO Kebencanaan, PMI",5 mei 2021,#CF3333,#31AA75,#31AA75,#31AA75,#FF8E00,#31AA75,#31AA75,#31AA75,#31AA75,#CF3333,#31AA75,#FF8E00,#FF8E00
GPID Jemaat Bahtera Pantoloan,Jl. Pasar Vinase Tawaeli,Sulawesi Tengah,-0.71079,119.8646,400,Gempa Bumi,Pandemi Covid 19,Terorisme,Tidak punya,Tidak punya,Tidak punya,Ya,Tidak,Tidak punya,Tidak,Ringan,Terdampak tetapi masih ada pada tempatnya,Tidak,Punya,Tidak punya,Tidak punya,Tidak punya,Tidak,Tidak,Tidak,Tidak,Tidak,Insidental (penggalangan dana/persembahan bencana),LSM/NGO,"Ibadah minggu, Sekolah Minggu","Broadcast message WhatsApp Group, Warta Jemaat",Tidak siap,Tidak Ada,Tidak,"Pelatihan Pertolongan Pertama pada Gawat Darurat (PPGD), Manajemen Barak, Simulasi menghadapi bencana, Interaksi dan konflik sosial, Disabilitas dan inklusi, Keterampilan psikososial dalam penanganan korban bencana, Pelatihan pengelolaan dana dan bantuan, Epidemi dan wabah penyakit, Terorisme",Simulasi Bencana,Tidak,"Pendataan kelompok rentan (disabilitas, lansia, ibu hamil, dan anak-anak), Pendataan ekonomi jemaat (tingkat perekonomian jemaat, bagaimana cara jemaat mengatasi perubahan kebutuhan ekonomi disaat pandemi), Pendataan pekerjaan/kegiatan usaha jemaat",Tidak,"Alat pengeras suara, Genset","BPBD/BNPB, LSM/NGO Kebencanaan, PMI", 05 Mei 2021,#F7EA00,#31AA75,#31AA75,#31AA75,#FF8E00,#31AA75,#31AA75,#31AA75,#31AA75,#CF3333,#FF8E00,#FF8E00,#FF8E00
GBI Gilgal Palu,Jalan Sulawesi ,Sulawesi Tengah ,-0.89987,119.8695,75,Gempa bumi ,Covid19,Terorisme ,Punya,Punya,Tidak punya,Ya,Ya,Punya,Ya,Ringan,Terdampak tetapi masih ada pada tempatnya,Tidak,Punya,Tidak punya,Punya,Punya,Tidak,Ya,Ya,Ya,Tidak,Alokasi anggaran khusus bencana (diambilkan dari persembahan bulan khusus bencana),TNI/POLRI,Tidak Ada,Broadcast message WhatsApp Group,Siap,Bantuan usaha,Ya,"Simulasi menghadapi bencana, Epidemi dan wabah penyakit, Terorisme",Tidak Ada ,Tidak,"Pendataan ekonomi jemaat (tingkat perekonomian jemaat, bagaimana cara jemaat mengatasi perubahan kebutuhan ekonomi disaat pandemi), Pendataan pekerjaan/kegiatan usaha jemaat","Ya, 1-2 tahun",Kotak P3K,Kelompok masyarakat peduli bencana, 6 Mei 2021,#CF3333,#31AA75,#31AA75,#31AA75,#FF8E00,#31AA75,#31AA75,#31AA75,#31AA75,#CF3333,#31AA75,#FF8E00,#FF8E00
Gereja IFGF,Jalan Patimura No 72,Sulawesi Tengah ,-0.90283,119.8687,60,Gempa bumi,Covid19,Terorisme ,Punya,Punya,"Punya, tetapi tidak berfungsi",Ya,Ya,Punya,Ya,Ringan,"Kursi yang tersusun jatuh, tapi tidak membahayakan ",Tidak,Punya,Punya,Punya,Punya,Ya,Ya,Ya,Ya,Gempa bumi,Insidental dan alokasi anggaran bulanan khusus bencana,"TNI/POLRI, BNPB/BPBD, Dari IFGF luar Palu ","Ibadah minggu, Sekolah Minggu","Poster, Broadcast message WhatsApp Group, Sosial media ",Siap,Bantuan usaha,Ya,"Interaksi dan konflik sosial, Radikalisme ","Workshop, seminar yang dikhususkan untuk anak muda ",Ya,"Pendataan kelompok rentan (disabilitas, lansia, ibu hamil, dan anak-anak), Pendataan ekonomi jemaat (tingkat perekonomian jemaat, bagaimana cara jemaat mengatasi perubahan kebutuhan ekonomi disaat pandemi), Pendataan pekerjaan/kegiatan usaha jemaat","Ya, > 2 tahun","Peluit, Kotak P3K, Safety Box berisi dokumen penting, Genset","BPBD/BNPB, Aparat setempat",6 Mei 2021,#CF3333,#CF3333,#31AA75,#31AA75,#FF8E00,#31AA75,#31AA75,#31AA75,#31AA75,#CF3333,#31AA75,#FF8E00,#FF8E00
GPdI Shekinah Tondo,Jl. Varuvuri Tondo,Sulawesi Tengah,-0.85043,119.8821,150,Gempa bumi,Terorisme,Covid-19,Punya,Punya,Tidak punya,Ya,Tidak,Punya,Ya,Tidak Ada,Bagunan Gereja lama rusak total,Tidak,Punya,Punya,Tidak punya,Tidak punya,Tidak,Ya,Tidak Ada,Tidak,Gempa bumi & tsunami,Insidental (penggalangan dana/persembahan bencana),Belum ada,Ibadah minggu,Khotbah,Siap,Tidak Ada,Ya,Apa saja program pelatihan yang diberikan aka dilihat dulu apakah sesuai dengan kondisi jemaat,Bencana ini tidak bisa dihindari maka harapannya untuk semua gereja bisa saling peduli terhadap sesama dan juga terhadap lingkungan. ,Tidak,Tidak Ada,"Ya, 1-2 tahun",Genset,"BPBD/BNPB, SAR",7 mei 2021,#CF3333,#31AA75,#31AA75,#31AA75,#FF8E00,#31AA75,#31AA75,#31AA75,#31AA75,#CF3333,#31AA75,#FF8E00,#FF8E00
GPdi Ekklesia Thamrin,Jl. Thamrin no 74,Sulawesi tengah,-0.896,119.8867,700,Alam,Non alam,Sosial,Tidak Punya,Tidak Punya,Tidak punya,Ya,Ya,Punya,Tidak,Ada struktur tulangan yang lepas,Tidak terdampak,Tidak,Punya,Tidak punya,Punya,Tidak Punya,Tidak,Ya,Tidak Ada,Ya,Bencana alam (gempa) & bencana non alam (covid),Insidental (penggalangan dana/persembahan bencana),Belum ada,"Ibadah minggu, Sekolah Minggu","Khotbah, Broadcast message WhatsApp Group",Sedikit siap,Tidak Ada,Ya,"Pelatihan Pertolongan Pertama pada Gawat Darurat (PPGD), Rencana Kontijensi Bencana (rencana gereja bergerak bersama jejaring seperti pelatihan dengan BPBD/BNPB/LSM/SAR, dll.), Simulasi menghadapi bencana, Disabilitas dan inklusi, Keterampilan psikososial dalam penanganan korban bencana, Epidemi dan wabah penyakit, Terorisme",Pembentukan satgas bencana di tiap gereja yang tidak berdiri sendiri tapi dinaungi satu pihak (diwadahi) untuk memudahkan kordinasi. Tidak bekerja secara jemaat lokal. ,Tidak,Pendataan jemaat secara umum,"Ya, 1-2 tahun","Alat pemadam kebakaran, Genset, Tenda darurat",BPBD/BNPB, 7 mei 2021,#CF3333,#31AA75,#31AA75,#31AA75,#FF8E00,#31AA75,#31AA75,#31AA75,#31AA75,#CF3333,#31AA75,#FF8E00,#FF8E00
Gereja Pantekosta Pusat Surabaya (GPPS),Jalan Sulawesi No. 16 Palu 94235 ,Sulawesi Tengah,-0.89986,119.8682,677,Gempa Bumi,Epidemi dan wabah penyakit covid19,Terorisme,Tidak punya,Tidak punya,Tidak punya,Tidak,Ya,Tidak punya,Tidak,Bangunan lama rubuh total,Tidak terdampak,Tidak,Tidak punya,Tidak punya,Tidak punya,Tidak punya,Tidak,Ya,Tidak,Ya,Tidak,Insidental (penggalangan dana/persembahan bencana),Belum ada,Ibadah minggu,Khotbah,Siap,Motivasi,Ya,Simulasi menghadapi bencana,Simulasi menghadapi bencana kepada jemaat,Tidak,Pendataan anggota jemaat,Tidak,"Lampu senter, Kotak P3K, Alat pemadam kebakaran, Alat pengeras suara, Genset","SAR, PMI",7 Mei 2021,#CF3333,#CF3333,#31AA75,#31AA75,#FF8E00,#31AA75,#31AA75,#31AA75,#31AA75,#CF3333,#31AA75,#FF8E00,#FF8E00
Gpdi Solagratia kota palu,Jl. Tanggul selatan no 24,Sulawesi tengah,-0.92619,119.9026,106,Gempa bumi,Banjir,KekeRingan,Tidak Punya,Tidak Punya,Tidak punya,Ya,Ya,Punya,Tidak,"Dinding terbelah, lantai terbelah, atap bergeser",Terdampak tetapi masih ada pada tempatnya,Tidak,Punya,Punya,Punya,Tidak punya,Ya,Ya,Tidak,Tidak,Tidak,Insidental (penggalangan dana/persembahan bencana),Tidak Ada,"Ibadah minggu, Sekolah Minggu","Khotbah, Video, Broadcast message WhatsApp Group",Siap,Tidak Ada,Ya,"Pelatihan Pertolongan Pertama pada Gawat Darurat (PPGD), Manajemen Barak, Teologi Bencana (Church and Community Transformation Resilience Approach-CCT), Rencana Kontijensi Bencana (rencana gereja bergerak bersama jejaring seperti pelatihan dengan BPBD/BNPB/LSM/SAR, dll.), Simulasi menghadapi bencana, Perubahan iklim dan dampaknya, lingkungan, kualitas, dan kelestarian, Interaksi dan konflik sosial, Disabilitas dan inklusi, Keterampilan psikososial dalam penanganan korban bencana, Pelatihan pengelolaan dana dan bantuan, Epidemi dan wabah penyakit, Terorisme",Tidak Ada,Tidak,"Pendataan kelompok rentan (disabilitas, lansia, ibu hamil, dan anak-anak)",Tidak,"Lampu senter, Lampu darurat, Kotak P3K, Alat pengeras suara, Genset","BPBD/BNPB, SAR, PMI",25 April 2021,#CF3333,#31AA75,#31AA75,#31AA75,#FF8E00,#31AA75,#31AA75,#31AA75,#31AA75,#CF3333,#31AA75,#FF8E00,#FF8E00