name,address,province,Longitude,Latitude,congregation,risk_1,risk_2,risk_3,preparedness,emergencyResPlan,warningSystem,permanentBuilding,nonPermanentBuilding,doorWindow,buildingCode,constructionDoc,earthquakeResistant,buildingEarthquakeImpact,facilityEarthquakeImpact,faciltyEndanger,evacuationPath,evacuationPathVulnerable,evacuationOfficer,emergencyCommission,competent,evacuationSimulation,preparednessTools,facingDisasterProg,handlingSkill,dataRoutine,disasterResponseSOP,specialBudget,raiseFunds,emergencyResponse,interactionGuide,provideTraining,economicDev,churchEducation,riskReduction,disasterOccurs,trainingNeeds,increaseCapacity,lastUpdate,Gempa,Banjir,Kekeringan,Tsunami,Cuaca Ekstrim,Gelombang Ekstrim dan Abrasi,Kebakaran Hutan dan Lahan,Letusan Gunung Berapi,Tanah Longsor,Multi Bahaya,Likuefaksi,Terorisme,Konflik
Gereja Kibaid Jemaat Palu,Jln. Gereja No 13,Sulawesi Tengah,-0.90895,119.8854,211,Epidemi dan wabah penyakit (covid),Gempa Bumi,Konflik Sosial,Punya dan berfungsi,Punya dan berfungsi,Tidak punya,"Gedung gereja masih dalam tahap pembangunan, sehingga gedung gereja sementara dari kayu dan tripleks",Ya,Ya,Ya,Punya dan tersimpan dengan baik (mudah diakses),"Ya, sudah teruji","Tahan gempa karena sudah diuji oleh konsultan, dan gedung gereja yang dibangun memiliki struktur tahan gempa. Seperti dari rangka beton dan pondasi cakar ayam",Tidak terdampak,Tidak,"Punya, tetapi tidak diperbarui","Punya, tetapi tidak diperbarui",Tidak punya,Tidak punya,"BPBD/BNPB, SAR, PMI",Tidak,"Alat pengeras suara, Genset, Tenda, peralatan dapur untuk dapur umum, tempat cuci tangan",Tidak,"Dana insidental kebencanaan , Dana kebencanaan rutin ","Pendataan kelompok rentan (disabilitas, lansia, ibu hamil, dan anak-anak), Pendataan pekerjaan/kegiatan usaha jemaat",Tidak,Ya,Keduanya (insidental dan alokasi anggaran bulanan khusus bencana),Tidak,Ya,Belum pernah,Bantuan modal,"Ibadah minggu, Sekolah Minggu","Khotbah, Infokus (slide berjalan), live streaming, warta jemaat",Siap,"Simulasi menghadapi bencana, Sosialisasi dan pemahaman dalam menghadapi bencana, contohnya jika terjadi gempa jemaat tidak terlalu panik dan tahu apa yang harus dilakukan",Sosialisasi dan pemahaman dalam menghadapi bencana,23 April 2021,Red,Green,Green,Green,Orange,Green,Green,Green,Green,Red,Green,Orange,Orange
Gereja Dome of Bethany Jemaat Palu,Jl. Sulawesi no 391 kota palu,Sulawesi Tengah,-0.90016,119.8708,1200,Gempa Bumi,Terorisme,Konflik sosial,Tidak punya,"Punya, tetapi tidak aktif/tidak berfungsi",Tidak punya,Ya,,"Hanya pintu yang terbuka keluar, jendela permanent ",Ya,Punya dan tersimpan dengan baik (mudah diakses),"Ya, sudah teruji",Retak ringan,Terdampak tetapi masih ada pada tempatnya,Tidak,Tidak punya,Tidak punya,Tidak punya,Tidak punya,"BPBD/BNPB, SAR, PMI",Tidak,"Kotak P3K, Safety Box berisi dokumen penting, Genset",Tidak,"Dana insidental kebencanaan, Tenaga kesehatan , Livelihood, Tenaga/Pelayan Pastoral","Pendataan kelompok rentan (disabilitas, lansia, ibu hamil, dan anak-anak), Pendataan golongan darah, Pendataan ekonomi jemaat (tingkat perekonomian jemaat, bagaimana cara jemaat mengatasi perubahan kebutuhan ekonomi disaat pandemi), Pendataan pekerjaan/kegiatan usaha jemaat",Tidak,Tidak,Insidental (penggalangan dana/persembahan bencana),Tidak,Tidak,Tidak ada,Tidak ada,Tidak ada,"Khotbah, Video, Poster, Siaran radio, Broadcast message WhatsApp Group",Siap,"Teologi Bencana (Church and Community Transformation Resilience Approach-CCT), Rencana Kontijensi Bencana (rencana gereja bergerak bersama jejaring seperti pelatihan dengan BPBD/BNPB/LSM/SAR, dll.), Simulasi menghadapi bencana, Perubahan iklim dan dampaknya, lingkungan, kualitas, dan kelestarian, Keterampilan psikososial dalam penanganan korban bencana, Pelatihan pengelolaan dana dan bantuan, Terorisme",Tidak ada,23 April 2021,Red,Green,Green,Green,Orange,Green,Green,Green,Green,Red,Orange,Orange,Orange
GKST Musafir Palu,Jalan Towua Lorong Sintuwu 2,Sulawesi Tengah,-0.92914,119.8801,256,Gempa Bumi,Wabah Penyakit/Covid19,Terorisme,"Punya, tetapi tidak aktif/tidak berfungsi","Punya, tetapi tidak aktif/tidak berfungsi",Tidak punya,Semi permanen,Tidak,Pintu utama tidak dan pintu samping dan jendela iya,Tidak,Punya dan tersimpan dengan baik (mudah diakses),Tidak,Retak ringan,Terdampak tetapi masih ada pada tempatnya,Ya,"Punya, sudah diperbarui","Punya, sudah diperbarui","Punya, aktif dan selalu meningkatkan kapasitas","Punya, aktif dan selalu meningkatkan kapasitas","BPBD/BNPB, SAR, LSM/NGO Kebencanaan, PMI, Kelompok masyarakat peduli bencana","Ya, 1-2 tahun","Helm, Lampu senter, Lampu darurat, Kotak P3K, Peralatan balut bidai, Alat pengeras suara, Genset",Tidak,"Dana insidental kebencanaan , Tim penanganan bencana yang terlatih, Tenaga kesehatan , Tenaga/Pelayan Pastoral","Pendataan kelompok rentan (disabilitas, lansia, ibu hamil, dan anak-anak), Pendataan penyintas COVID-19, Pendataan ekonomi jemaat (tingkat perekonomian jemaat, bagaimana cara jemaat mengatasi perubahan kebutuhan ekonomi disaat pandemi), Pendataan pekerjaan/kegiatan usaha jemaat","Gempa bumi, kebakaran, wabah penyakit/covid19",Tidak,Insidental (penggalangan dana/persembahan bencana),"Wabah penyakit, Terorisme, gempa bumi",Tidak,LSM/NGO,Tidak ada,"Ibadah minggu, Pendalaman Alkitab, Sekolah Minggu","Khotbah, Poster, Broadcast message WhatsApp Group",Siap,"Manajemen Barak, Teologi Bencana (Church and Community Transformation Resilience Approach-CCT), Rencana Kontijensi Bencana (rencana gereja bergerak bersama jejaring seperti pelatihan dengan BPBD/BNPB/LSM/SAR, dll.), Simulasi menghadapi bencana, Interaksi dan konflik sosial, Keterampilan psikososial dalam penanganan korban bencana, Pelatihan pengelolaan dana dan bantuan, Epidemi dan wabah penyakit, Terorisme",Jika ada pelatihan gereja tangguh bencana diharapkan dilaksanakan secara sistematis dan berkesinambungan serta sesuai dengan kondisi masing-masing gereja,23 April 2021,Red,Yellow,Green,Green,Orange,Green,Green,Green,Green,Red,Green,Orange,Orange
Bala Keselamatan Korps Towua,Jl. Towua No. 80,Sulawesi Tengah,-0.94799,119.8418,420,Gempa Bumi,Angin puting beliung,Covid19,"Punya, tetapi tidak aktif/tidak berfungsi",Tidak punya,Tidak punya,Ya,Tidak,Ya,Ya,Punya dan tersimpan dengan baik (mudah diakses),"Ya, sudah teruji",Retak ringan,Terdampak tetapi masih ada pada tempatnya,Tidak,"Punya, tetapi tidak diperbarui","Punya, tetapi tidak diperbarui",Tidak punya,Tidak punya,"BPBD/BNPB, SAR, LSM/NGO Kebencanaan","Ya, > 2 tahun",Genset,Tidak,"Tenaga kesehatan , Tenaga/Pelayan Pastoral","Pendataan kelompok rentan (disabilitas, lansia, ibu hamil, dan anak-anak), Pendataan penyintas COVID-19",Tidak,Tidak,Insidental (penggalangan dana/persembahan bencana),Tidak,Ya,"TNI/POLRI, BNPB/BPBD",Keterampilan,"Ibadah minggu, Sekolah Minggu","Khotbah, Poster",Sedikit siap,"Pelatihan Pertolongan Pertama pada Gawat Darurat (PPGD), Teologi Bencana (Church and Community Transformation Resilience Approach-CCT), Rencana Kontijensi Bencana (rencana gereja bergerak bersama jejaring seperti pelatihan dengan BPBD/BNPB/LSM/SAR, dll.), Simulasi menghadapi bencana, Perubahan iklim dan dampaknya, lingkungan, kualitas, dan kelestarian, Interaksi dan konflik sosial, Disabilitas dan inklusi, Keterampilan psikososial dalam penanganan korban bencana, Pelatihan pengelolaan dana dan bantuan, Epidemi dan wabah penyakit, Terorisme",Simulasi kebencanaan dan pelatihan pendampingan kebencanaan,23 April 2021,Red,Yellow,Green,Green,Orange,Green,Green,Green,Green,Red,Green,Orange,Orange
Huria Kristen Batak Protestan (HKBP) Resort Palu,Jl. Gereja No. 36 Tanjung Manimbaya,Sulawesi Tengah,-0.9109,119.8849,360,Gempa Bumi ,"Wabah penyakit, Covid19",Konflik antar kelompok/antar komunitas masyarakat,Punya dan berfungsi,Punya dan berfungsi,Tidak punya,Ya,Tidak ada bangunan non permanen,Ya,Ya,Punya dan tersimpan dengan baik (mudah diakses),"Ya, sudah teruji",Ada struktur tulangan yang lepas,Terdampak tetapi masih ada pada tempatnya,Tidak,Tidak punya,Tidak punya,"Punya, aktif dan selalu meningkatkan kapasitas","Punya, aktif dan selalu meningkatkan kapasitas","BPBD/BNPB, SAR, LSM/NGO Kebencanaan",Tidak,Kotak P3K,Tidak,"Dana kebencanaan rutin , Tenaga/Pelayan Pastoral",Pendataan penyintas COVID-19,Tidak,Ya,Keduanya (insidental dan alokasi anggaran bulanan khusus bencana),Gempa Bumi,Tidak,Tim Dari kantor Pusat HKBP,Bantuan usaha,Ibadah minggu,Broadcast message WhatsApp Group,Sangat siap,"Pelatihan Pertolongan Pertama pada Gawat Darurat (PPGD), Manajemen Barak, Teologi Bencana (Church and Community Transformation Resilience Approach-CCT), Simulasi menghadapi bencana, Disabilitas dan inklusi, Keterampilan psikososial dalam penanganan korban bencana, Pelatihan pengelolaan dana dan bantuan, Epidemi dan wabah penyakit",Simulasi masalah tanggap bencana ,24 April 2021,Red,Green,Green,Green,Orange,Green,Green,Green,Green,Red,Green,Orange,Orange
GPDI pedati kota palu,Jl. Pattimura no 76 kota palu,Sulawesi Tengah,-0.90326,119.8697,350,Gempa bumi,Terorisme,Konflik sosial,"Punya, tetapi tidak aktif/tidak berfungsi",Tidak punya,Tidak punya,Ya,,Ya,Ya,Punya dan tersimpan dengan baik (mudah diakses),"Ya, sudah teruji",Ada dinding yang roboh,Terdampak dan berhamburan ketika gempa,Tidak,Tidak punya,Tidak punya,Tidak punya,Tidak punya,"BPBD/BNPB, SAR, PMI",Tidak,"Alat pengeras suara, Safety Box berisi dokumen penting, Genset",Tidak,"Dana insidental kebencanaan , Tenaga kesehatan , Livelihood , Tenaga/Pelayan Pastoral",Tidak ada,Tidak,Tidak,Insidental (penggalangan dana/persembahan bencana),Tidak,Tidak,Tidak ada,Tidak ada,Tidak ada,Tidak ada,Tidak siap,"Pelatihan Pertolongan Pertama pada Gawat Darurat (PPGD), Manajemen Barak, Teologi Bencana (Church and Community Transformation Resilience Approach-CCT), Rencana Kontijensi Bencana (rencana gereja bergerak bersama jejaring seperti pelatihan dengan BPBD/BNPB/LSM/SAR, dll.), Simulasi menghadapi bencana, Interaksi dan konflik sosial, Keterampilan psikososial dalam penanganan korban bencana, Pelatihan pengelolaan dana dan bantuan, Epidemi dan wabah penyakit, Terorisme",Tidak ada,24 April 2021,Red,Red,Green,Green,Orange,Green,Green,Green,Green,Red,Green,Orange,Orange
GPdi Jemaat Kota Palu,Jalan Gajah Mada no 4,Sulawesi Tengah,-0.89793,119.8649,1200,Covid19,Gempa bumi,Terorisme (sebenarnya tidak ada),Punya dan berfungsi,Punya dan berfungsi,Tidak punya,Ya,,Ya,Ya,Punya dan tersimpan dengan baik (mudah diakses),"Ya, sudah teruji",,Terdampak tetapi masih ada pada tempatnya,Tidak,"Punya, sudah diperbarui",Tidak punya,Tidak punya,Tidak punya,"BPBD/BNPB, Kelurahan",2 hari (sosialisasi),"Kotak P3K, Alat pemadam kebakaran, Alat pengeras suara, Safety Box berisi dokumen penting, Genset",Tidak,"Dana insidental kebencanaan , Dana diakonia jika terjadi bencana akan digunakan kesitu","Pendataan kelompok rentan (disabilitas, lansia, ibu hamil, dan anak-anak), Pendataan golongan darah, Pendataan pekerjaan/kegiatan usaha jemaat",Tidak,Dana diakonia yang dialihkan,Keduanya (insidental dan alokasi anggaran bulanan khusus bencana),Tidak,Tidak,BNPB/BPBD,Tidak ada,Ibadah minggu,"Khotbah, Video, Broadcast message WhatsApp Group",Siap,"Pelatihan Pertolongan Pertama pada Gawat Darurat (PPGD), Manajemen Barak, Teologi Bencana (Church and Community Transformation Resilience Approach-CCT), Rencana Kontijensi Bencana (rencana gereja bergerak bersama jejaring seperti pelatihan dengan BPBD/BNPB/LSM/SAR, dll.), Simulasi menghadapi bencana, Perubahan iklim dan dampaknya, lingkungan, kualitas, dan kelestarian, Interaksi dan konflik sosial, Disabilitas dan inklusi, Keterampilan psikososial dalam penanganan korban bencana, Pelatihan pengelolaan dana dan bantuan, Epidemi dan wabah penyakit, Terorisme, Dana",Pelatihan sangat dibutuhkan beserta perangkatnya dan dananya,24 April 2021,Red,Red,Green,Green,Orange,Green,Green,Green,Green,Red,Green,Orange,Orange
Gereja Kristen Bathani Jemaat Kadosh,Jl. Nusakambangan No 3 Kota Palu,Sulawesi tengah,-0.90122,119.8697,250,Gempa bumi,Terorisme,Kebakaran pemukiman,"Punya, tetapi tidak aktif/tidak berfungsi",Tidak punya,Tidak punya,Ya,,Ya,Ya,Punya dan tersimpan dengan baik (mudah diakses),"Ya, sudah teruji",Retak ringan,Hanya speaker yang jatuh Karena disusun 2,Tidak,Tidak punya,Tidak punya,Tidak punya,Tidak punya,"BPBD/BNPB, SAR, PMI","Ya, > 2 tahun","Peluit, Lampu senter, Lampu darurat, Kotak P3K, Alat pemadam kebakaran, Safety Box berisi dokumen penting, Genset",Tidak,"Dana insidental kebencanaan , Dana kebencanaan rutin , Tenaga kesehatan , Livelihood , Tenaga/Pelayan Pastoral","Pendataan golongan darah, Pendataan ekonomi jemaat (tingkat perekonomian jemaat, bagaimana cara jemaat mengatasi perubahan kebutuhan ekonomi disaat pandemi), Pendataan pekerjaan/kegiatan usaha jemaat",Tidak,Ya,Keduanya (insidental dan alokasi anggaran bulanan khusus bencana),Tidak,Tidak,Tidak ada,Tidak ada,Tidak ada,Tidak ada,Tidak siap,"Pelatihan Pertolongan Pertama pada Gawat Darurat (PPGD), Manajemen Barak, Teologi Bencana (Church and Community Transformation Resilience Approach-CCT), Simulasi menghadapi bencana, Perubahan iklim dan dampaknya, lingkungan, kualitas, dan kelestarian, Interaksi dan konflik sosial, Terorisme",Tidak ada ,24 April 2021,Red,Green,Green,Green,Orange,Green,Green,Green,Green,Red,Green,Orange,Orange
Gpdi Bethesda Keluarga ilahi,Jl. Moh. Hatta No.9-11,Sulawesi tengah,-0.89636,119.873,300,Gempa bumi,Terorisme,Konflik sosial,Tidak punya,Tidak punya,Tidak punya,Ya,,"Hanya pintu yang terbuka diluar, jendela permanent",Ya,Pernah mempunyai (tidak dapat diakses lagi),"Ya, sudah teruji",Plafon rubuh,Terdampak dan berpotensi membahayakan pengguna/jemaat,Tidak,Tidak punya,Tidak punya,Tidak punya,Tidak punya,"BPBD/BNPB, SAR, PMI",Tidak,Tidak ada,Tidak,Dana insidental kebencanaan ,Tidak ada,Tidak,Tidak,Insidental (penggalangan dana/persembahan bencana),Tidak,Tidak,Tidak ada,Tidak ada,Tidak ada,Broadcast message WhatsApp Group,Sedikit siap,"Pelatihan Pertolongan Pertama pada Gawat Darurat (PPGD), Manajemen Barak, Teologi Bencana (Church and Community Transformation Resilience Approach-CCT), Rencana Kontijensi Bencana (rencana gereja bergerak bersama jejaring seperti pelatihan dengan BPBD/BNPB/LSM/SAR, dll.), Simulasi menghadapi bencana, Perubahan iklim dan dampaknya, lingkungan, kualitas, dan kelestarian, Interaksi dan konflik sosial, Keterampilan psikososial dalam penanganan korban bencana, Pelatihan pengelolaan dana dan bantuan, Epidemi dan wabah penyakit, Terorisme",Tidak ada,25 April 2021,Red,Green,Green,Green,Orange,Green,Green,Green,Green,Red,Green,Orange,Orange
GPID DIASPORA MAMBORO,Jl KARANA BELAKANG ASPOL BRIMOB MAMBORO KEL. Palu Utara Kota palu,SULAWESI TENGAH,-0.78612,119.8748,287,Gempa bumi,Angin topan/ angin kencang,- ,Punya dan berfungsi,Tidak punya,Tidak punya,Ya,,Ya,Ya,Pernah mempunyai (tidak dapat diakses lagi),"Ya, sudah teruji",,Tidak terdampak,Tidak,Punya tapi tidak dipasang,"Punya, tetapi tidak diperbarui","Punya, aktif dan selalu meningkatkan kapasitas",Tidak punya,"BPBD/BNPB, SAR, LSM/NGO Kebencanaan, PMI",Belum pernah,"Genset, Tenda darurat, tempat tidur lapangan, perlengkapan dapur umum ",Tidak,"Tenaga kesehatan, Tenaga/Pelayan Pastoral","Pendataan kelompok rentan (disabilitas, lansia, ibu hamil, dan anak-anak), Pendataan penyintas COVID-19, Pendataan ekonomi jemaat (tingkat perekonomian jemaat, bagaimana cara jemaat mengatasi perubahan kebutuhan ekonomi disaat pandemi), Pendataan pekerjaan/kegiatan usaha jemaat",Secara tertulis belum ada,Ada tapi sedikit,Alokasi anggaran khusus bencana (diambilkan dari persembahan bulan khusus bencana),Tidak,Tidak,Belum pernah ada pelatihan,,"Ibadah minggu, Pelka dan kolom","Khotbah, Broadcast message WhatsApp Group, Warta jemaat",Siap,"Pelatihan Pertolongan Pertama pada Gawat Darurat (PPGD), Manajemen Barak, Teologi Bencana (Church and Community Transformation Resilience Approach-CCT), Rencana Kontijensi Bencana (rencana gereja bergerak bersama jejaring seperti pelatihan dengan BPBD/BNPB/LSM/SAR, dll.), Simulasi menghadapi bencana, Keterampilan psikososial dalam penanganan korban bencana, Pelatihan pengelolaan dana dan bantuan, Epidemi dan wabah penyakit",Semua kegiatan bisa terlaksana apabila didukung sarana dan prasarana terutama dana yang besar untuk memfasilitasi. ,25 April 2021,Red,Green,Green,Green,Orange,Green,Green,Green,Green,Red,Green,Orange,Orange
Gereja Bethel Tabernakel Kristus Jemaat Alfa Omega Palu,Jln. Towua Lrg. Sintuwu II Palu,Sulawesi Tengah,-0.92778,119.8796,139,Kebakaran Pemukiman,Gempa Bumi,Wabah Penyakit Covid19,"Punya, tetapi tidak aktif/tidak berfungsi",Tidak punya,Tidak punya,Ya,Tidak,Ya,Ya,Punya dan tersimpan dengan baik (mudah diakses),"Ya, sudah teruji",Tidak ada,Terdampak tetapi masih ada pada tempatnya,Tidak,Tidak punya,Tidak punya,"Punya, aktif dan selalu meningkatkan kapasitas",Tidak punya,"BPBD/BNPB, SAR, LSM/NGO Kebencanaan, PMI, Kelompok masyarakat peduli bencana, Universitas/lembaga pendidikan","Ya, > 2 tahun",Belum ada sama sekali,Tidak,"Dana insidental kebencanaan, Tenaga kesehatan , Tenaga/Pelayan Pastoral","Pendataan kelompok rentan (disabilitas, lansia, ibu hamil, dan anak-anak)",Tidak,Tidak,Insidental (penggalangan dana/persembahan bencana),Tidak,Ya,TNI/POLRI,Tidak ada,Tidak ada,"Khotbah, Video, Broadcast message WhatsApp Group",Sedikit siap,"Pelatihan Pertolongan Pertama pada Gawat Darurat (PPGD), Manajemen Barak, Teologi Bencana (Church and Community Transformation Resilience Approach-CCT), Rencana Kontijensi Bencana (rencana gereja bergerak bersama jejaring seperti pelatihan dengan BPBD/BNPB/LSM/SAR, dll.), Simulasi menghadapi bencana, Perubahan iklim dan dampaknya, lingkungan, kualitas, dan kelestarian, Interaksi dan konflik sosial, Disabilitas dan inklusi, Keterampilan psikososial dalam penanganan korban bencana, Pelatihan pengelolaan dana dan bantuan, Epidemi dan wabah penyakit, Terorisme",Ada baiknya gereja membentuk satu tim terpadu untuk menghadapi kemungkinan terjadinya bencana di wilayah gereja,25 April 2021,Red,Yellow,Green,Green,Orange,Green,Green,Green,Green,Red,Green,Orange,Orange
GBI Woodward Palu,Jalan Woodward no 12,Sulawesi Tengah ,-0.90467,119.8734,800,Gempa ,Covid19,Terorisme,Tidak punya,Punya dan berfungsi,Tidak punya,Ya,,Ya,Ya,Punya dan tersimpan dengan baik (mudah diakses),"Ya, sudah teruji",,Tidak terdampak,Tidak,"Punya, tetapi tidak diperbarui",Tidak punya,"Punya, aktif dan selalu meningkatkan kapasitas",Tidak punya,"BPBD/BNPB, SAR, PMI","Ya, > 2 tahun","Lampu senter, Kotak P3K, Alat pengeras suara, Safety Box berisi dokumen penting, Genset",Tidak,"Dana insidental kebencanaan , Tim penanganan bencana yang terlatih, Tenaga kesehatan , Tenaga/Pelayan Pastoral","Pendataan kelompok rentan (disabilitas, lansia, ibu hamil, dan anak-anak), Pendataan golongan darah",Tidak,Tidak,Keduanya (insidental dan alokasi anggaran bulanan khusus bencana),Tidak,Tidak,TNI/POLRI,Tidak ada,Ibadah minggu,"Khotbah, Video, Poster, Siaran radio, Broadcast message WhatsApp Group",Siap,"Pelatihan Pertolongan Pertama pada Gawat Darurat (PPGD), Manajemen Barak, Teologi Bencana (Church and Community Transformation Resilience Approach-CCT), Rencana Kontijensi Bencana (rencana gereja bergerak bersama jejaring seperti pelatihan dengan BPBD/BNPB/LSM/SAR, dll.), Simulasi menghadapi bencana, Perubahan iklim dan dampaknya, lingkungan, kualitas, dan kelestarian, Interaksi dan konflik sosial, Disabilitas dan inklusi, Keterampilan psikososial dalam penanganan korban bencana, Pelatihan pengelolaan dana dan bantuan, Epidemi dan wabah penyakit, Terorisme",Tidak ada ,25 April 2021,Red,Green,Green,Green,Orange,Green,Green,Green,Green,Red,Green,Orange,Orange
Gereja Toraja Jemaat Sion Anutapura Palu,Jln. Purnawirawan No. 2,Sulawesi Tengah,-0.91595,119.8787,2853,Gempa Bumi,Angin Kencang,Terorisme,"Punya, tetapi tidak aktif/tidak berfungsi","Punya, tetapi tidak aktif/tidak berfungsi",Tidak punya,Ya,,Ya,Ya,Pernah mempunyai (tidak dapat diakses lagi),Tidak,Retak ringan,Tidak terdampak,Ya,"Punya, tetapi tidak diperbarui","Punya, sudah diperbarui",Tidak punya,Tidak punya,"BPBD/BNPB, PMI",Tidak,"Kotak P3K, Alat pemadam kebakaran, Safety Box berisi dokumen penting, Genset",Tidak,"Dana insidental kebencanaan, Dana kebencanaan rutin , Tenaga kesehatan , Tenaga/Pelayan Pastoral","Pendataan kelompok rentan (disabilitas, lansia, ibu hamil, dan anak-anak), Pendataan golongan darah, Pendataan ekonomi jemaat (tingkat perekonomian jemaat, bagaimana cara jemaat mengatasi perubahan kebutuhan ekonomi disaat pandemi), Pendataan pekerjaan/kegiatan usaha jemaat",Tidak,Ya,Keduanya (insidental dan alokasi anggaran bulanan khusus bencana),Bencana gempa,Tidak,BNPB/BPBD,"Bantuan modal, Bantuan usaha, Keterampilan","Ibadah minggu, Sekolah Minggu","Khotbah, Video, Poster, Broadcast message WhatsApp Group, Baliho, warta jemaat",Siap,"Teologi Bencana (Church and Community Transformation Resilience Approach-CCT), Simulasi menghadapi bencana, Epidemi dan wabah penyakit, Terorisme",Tidak Ada,26 April 2021,Red,Yellow,Green,Green,Orange,Green,Green,Green,Green,Red,Green,Orange,Orange
Gereja Toraja Jemaat Elim Palu,"Jl. Pramuka, Besusu Bar., Kec. Palu Tim., Kota Palu, Sulawesi Tengah 94111",Sulawesi Tengah,-0.89411,119.8678,2560,Banjir,Gempa,Angin Kencang,Punya dan berfungsi,Tidak punya,Tidak punya,Ya,,Ya,Ya,Pernah mempunyai (tidak dapat diakses lagi),"Ya, sudah teruji",Tehel retak,Tidak terdampak,Tidak,"Punya, tetapi tidak diperbarui",Tidak punya,Tidak punya,Tidak punya,"BPBD/BNPB, SAR",Tidak,"Kotak P3K, Alat pemadam kebakaran, Safety Box berisi dokumen penting, Genset",Baru memikirkan,"Dana insidental kebencanaan, Dana kebencanaan rutin , Tenaga kesehatan , Tenaga/Pelayan Pastoral","Pendataan kelompok rentan (disabilitas, lansia, ibu hamil, dan anak-anak), Pendataan ekonomi jemaat (tingkat perekonomian jemaat, bagaimana cara jemaat mengatasi perubahan kebutuhan ekonomi disaat pandemi), Pendataan pekerjaan/kegiatan usaha jemaat",Tidak,Ya,Keduanya (insidental dan alokasi anggaran bulanan khusus bencana),Covid,Ya,TNI/POLRI,Bantuan usaha,"Ibadah minggu, Pendalaman Alkitab, Ibadah kelompok (rumah tangga)","Khotbah, Video, Poster, Broadcast message WhatsApp Group",Siap,"Pelatihan Pertolongan Pertama pada Gawat Darurat (PPGD), Simulasi menghadapi bencana, Interaksi dan konflik sosial, Epidemi dan wabah penyakit",Tidak Ada,26 April 2021,Red,Yellow,Green,Green,Orange,Green,Green,Green,Green,Red,Green,Orange,Orange
GBI Rock Palu ,Jalan Towua No 75B ,Sulawesi Tengah ,-0.93048,119.8856,400,Gempa Bumi ,Terorisme ,Covid19,Punya dan berfungsi,"Punya, tetapi tidak aktif/tidak berfungsi",Tidak punya,Ya,,Ya,Ya,Punya dan tersimpan dengan baik (mudah diakses),"Ya, sudah teruji",Retak ringan,Terdampak tetapi masih ada pada tempatnya,Tidak,Tidak punya,Tidak punya,Tidak punya,"Punya, tetapi tidak tahu apa yang dilakukan","BPBD/BNPB, LSM/NGO Kebencanaan, TAGANA","Ya, 1-2 tahun","Kotak P3K, Genset",Tidak,Dana insidental kebencanaan,"Pendataan kelompok rentan (disabilitas, lansia, ibu hamil, dan anak-anak)",Tidak,Ya,Insidental (penggalangan dana/persembahan bencana),Gempa bumi ,Tidak,FKUB (Forum Kerukunan Umat Beragama),,Tidak ada,Broadcast message WhatsApp Group,Sedikit siap,"Pelatihan Pertolongan Pertama pada Gawat Darurat (PPGD), Teologi Bencana (Church and Community Transformation Resilience Approach-CCT), Simulasi menghadapi bencana, Keterampilan psikososial dalam penanganan korban bencana","Tidak ada 
",26 April 2021,Red,Green,Green,Green,Orange,Green,Green,Green,Green,Red,Orange,Orange,Orange
Gereja Bala Keselamatan Korps Woodward ,Jalan Woodward No. 111,Sulawesi Tengah ,-0.90482,119.8724,500,Gempa Bumi ,Angin kencang ,Konfik Sosial ,Punya dan berfungsi,Punya dan berfungsi,Tidak punya,Ya,,Ya,Ya,Punya dan tersimpan dengan baik (mudah diakses),"Ya, sudah teruji",,Terdampak dan berpotensi membahayakan pengguna/jemaat,Tidak,"Punya, sudah diperbarui",Tidak punya,"Punya, aktif dan selalu meningkatkan kapasitas","Punya, aktif dan selalu meningkatkan kapasitas","BPBD/BNPB, SAR, LSM/NGO Kebencanaan","Ya, 1-2 tahun","Alat pengeras suara, Safety Box berisi dokumen penting, Genset",Gereja tidak ada tapi BK ada,"Dana insidental kebencanaan , Dana kebencanaan rutin , Tim penanganan bencana yang terlatih, Tenaga kesehatan , Livelihood , Tenaga/Pelayan Pastoral","Pendataan kelompok rentan (disabilitas, lansia, ibu hamil, dan anak-anak)",Covid19,Ya,Keduanya (insidental dan alokasi anggaran bulanan khusus bencana),"Covid19,  gempa bumi, banjir ",Tidak,"BNPT (Badan Nasional Penanganan Terorisme), LSM/NGO, Salvation Army Pusat",,"Ibadah minggu, Sekolah Minggu","Khotbah, Video, Poster, Siaran radio, Broadcast message WhatsApp Group, Sosial Media",Siap,"Teologi Bencana (Church and Community Transformation Resilience Approach-CCT), Rencana Kontijensi Bencana (rencana gereja bergerak bersama jejaring seperti pelatihan dengan BPBD/BNPB/LSM/SAR, dll.), Simulasi menghadapi bencana, Perubahan iklim dan dampaknya, lingkungan, kualitas, dan kelestarian, Interaksi dan konflik sosial, Disabilitas dan inklusi, Pelatihan pengelolaan dana dan bantuan, Epidemi dan wabah penyakit, Terorisme",Edukasi bahaya bencana sesuai dengan keadaan dan situasi saat ini ,26 April 2021,Red,Yellow,Green,Green,Orange,Green,Green,Green,Green,Red,Green,Orange,Orange
GPdI jemaat Torsina Palu,"Jl. Zebra VI, Birobuli Utara, Kec. Palu Sel., Kota Palu, Sulawesi Tengah 94235",Sulawesi Tengah,-0.92665,119.8878,150,Gempa Bumi,Angin Kencang,Covid 19,Punya dan berfungsi,Punya dan berfungsi,Tidak punya,Ya,Tidak,Ya,Ya,Punya dan tersimpan dengan baik (mudah diakses),"Ya, sudah teruji",Tidak ada,Terdampak tetapi masih ada pada tempatnya,Tidak,"Punya, tetapi tidak diperbarui",Tidak punya,Tidak punya,Tidak punya,"BPBD/BNPB, PMI",Tidak,"Alat pengeras suara, Genset",Tidak,Tenaga/Pelayan Pastoral,Hanya secara umum (jumlah jenis kelamin),Tidak,Ya,Alokasi anggaran khusus bencana (diambilkan dari persembahan bulan khusus bencana),Gempa Bumi dan Covid 19,Ya,Belum ada,Tidak ada,"Ibadah minggu, Sekolah Minggu, Ibadah Pemuda","Khotbah, Broadcast message WhatsApp Group, Baliho",Siap,"Perubahan iklim dan dampaknya, lingkungan, kualitas, dan kelestarian, Epidemi dan wabah penyakit, Terorisme",Tidak ada,27 April 2021,Red,Green,Green,Green,Orange,Green,Green,Green,Green,Red,Green,Orange,Orange
GKST Jemaat Immanuel Palu,Jl. Masjid Raya. Ni. 15 Palu,Sulawesi Tengah,-0.89958,119.8749,2747,Gempa Bumi,Epidemi dan Wabah Penyakit,Terorisme,"Punya, tetapi tidak aktif/tidak berfungsi","Punya, tetapi tidak aktif/tidak berfungsi",Tidak punya,Ya,Tidak,Ya,Ya,Tidak punya,"Ya, sudah teruji",Retak ringan,Terdampak tetapi masih ada pada tempatnya,Ya,"Punya, tetapi tidak diperbarui",Tidak punya,"Punya, tetapi tidak tahu apa yang dilakukan",Tidak punya,"BPBD/BNPB, LSM/NGO Kebencanaan, Kelompok masyarakat peduli bencana","Ya, 1-2 tahun","Lampu senter, Lampu darurat, Kotak P3K, Alat pemadam kebakaran, Alat pengeras suara, Safety Box berisi dokumen penting, Genset",Ya,"Dana insidental kebencanaan, Tenaga/Pelayan Pastoral","Pendataan kelompok rentan (disabilitas, lansia, ibu hamil, dan anak-anak), Pendataan golongan darah, Pendataan pekerjaan/kegiatan usaha jemaat",Tidak,Tidak,Insidental (penggalangan dana/persembahan bencana),Tidak,Tidak,LSM/NGO,Belum,"Ibadah minggu, Warta Jemaat","Khotbah, Siaran radio, Broadcast message WhatsApp Group, Warta Jemaat",Sedikit siap,"Pelatihan Pertolongan Pertama pada Gawat Darurat (PPGD), Simulasi menghadapi bencana, Disabilitas dan inklusi, Keterampilan psikososial dalam penanganan korban bencana, Pelatihan pengelolaan dana dan bantuan, Epidemi dan wabah penyakit",Pelatihan/Peningkatan kapasitas warga jemaat dalam pengurangan risiko bencana. ,27 April 2021,Red,Green,Green,Green,Orange,Green,Green,Green,Green,Red,Orange,Orange,Orange
GPID Eben Haezer ,Jalan Borak No.1,Sulawesi Tengah ,-0.91081,119.8994,711,Gempa bumi,Konfik antar kelompok,Covid19,Tidak punya,Tidak punya,Tidak punya,Ya,,Pintu kedalam jendela keluar ,Ya,Punya dan tersimpan dengan baik (mudah diakses),"Ya, sudah teruji",,Terdampak dan berpotensi membahayakan pengguna/jemaat,Tidak,"Punya, sudah diperbarui","Punya, sudah diperbarui","Punya, aktif dan selalu meningkatkan kapasitas",Tidak punya,"BPBD/BNPB, LSM/NGO Kebencanaan","Ya, 1-2 tahun","Safety Box berisi dokumen penting, Genset",Tidak,"Dana insidental kebencanaan , Tenaga kesehatan, Tenaga/Pelayan Pastoral",Tidak ada,Tidak,Tidak,Insidental (penggalangan dana/persembahan bencana),Tidak,Tidak,LSM/NGO,Tidak ada,Ibadah minggu,"Khotbah, Broadcast message WhatsApp Group",Sedikit siap,"Pelatihan Pertolongan Pertama pada Gawat Darurat (PPGD), Manajemen Barak, Teologi Bencana (Church and Community Transformation Resilience Approach-CCT), Rencana Kontijensi Bencana (rencana gereja bergerak bersama jejaring seperti pelatihan dengan BPBD/BNPB/LSM/SAR, dll.), Simulasi menghadapi bencana, Perubahan iklim dan dampaknya, lingkungan, kualitas, dan kelestarian, Interaksi dan konflik sosial, Disabilitas dan inklusi, Keterampilan psikososial dalam penanganan korban bencana, Pelatihan pengelolaan dana dan bantuan, Epidemi dan wabah penyakit, Terorisme",Pelatihan itu sangat dibutuhkan untuk menambah pemahaman jemaat dalam kesiapan menghadapi bencana ,27 April 2021,Red,Green,Green,Green,Orange,Green,Green,Green,Green,Red,Green,Orange,Orange
Gereja Kristen Tuhan Jemaat Trinity Palu,Jl. Sulawesi (Depan Kantor PLN Maesa) ,Sulawesi Tengah,-0.90099,119.8722,60,Gempa Bumi,Epidemi,Terorisme,Tidak punya,Tidak punya,Tidak punya,Ya,Tidak,Ya,Ya,Punya dan tersimpan dengan baik (mudah diakses),"Ya, sudah teruji",Tidak ada,Terdampak tetapi masih ada pada tempatnya,Tidak,"Punya, tetapi tidak diperbarui","Punya, tetapi tidak diperbarui",Tidak punya,Tidak punya,"BPBD/BNPB, SAR, PMI",Tidak,"Lampu senter, Genset",Tidak,Tidak,Tidak ada,Tidak,Tidak,Insidental (penggalangan dana/persembahan bencana),Tidak,Tidak,Belum pernah,Tidak ada,Tidak ada,Tidak ada,Tidak siap,"Pelatihan Pertolongan Pertama pada Gawat Darurat (PPGD), Teologi Bencana (Church and Community Transformation Resilience Approach-CCT), Simulasi menghadapi bencana, Perubahan iklim dan dampaknya, lingkungan, kualitas, dan kelestarian, Disabilitas dan inklusi, Pelatihan pengelolaan dana dan bantuan, Epidemi dan wabah penyakit",Pelatihan tanggap bencana dan pengajaran teologi bencana,27 April 2021,Red,Green,Green,Green,Orange,Green,Green,Green,Green,Red,Orange,Orange,Orange
Gereja Kristen Oikumene Yerusalem ,Asrama Korem Juanda ,Sulawesi Tengah ,-0.9058902,119.865273,70,Covid19,Gempa Bumi ,Tidak ada konflik ,Tidak punya,Tidak punya,Tidak punya,Ya,,Ya,Ya,Punya dan tersimpan dengan baik (mudah diakses),"Ya, sudah teruji",,Terdampak dan berpotensi membahayakan pengguna/jemaat,Tidak,Tidak punya,Tidak punya,Tidak punya,Tidak punya,Kelompok masyarakat peduli bencana,Tidak,"Alat pengeras suara, Safety Box berisi dokumen penting, Genset",Tidak,"Dana insidental kebencanaan , Tenaga kesehatan , Tenaga/Pelayan Pastoral","Pendataan pekerjaan/kegiatan usaha jemaat, Tidak ada",Tidak,Tidak,Insidental (penggalangan dana/persembahan bencana),Covid19,Tidak,Jemaat Sendiri yang merupakan tenaga Kesehatan,,Ibadah minggu,"Khotbah, Broadcast message WhatsApp Group",Siap,"Pelatihan Pertolongan Pertama pada Gawat Darurat (PPGD), Simulasi menghadapi bencana",Tidak ada ,27 April 2021,Red,Green,Green,Green,Orange,Green,Green,Green,Green,Red,Green,Orange,Orange
GKI Sulsel Jemaat Palu,jalan patimura No. 53,Sulawesi Tengah ,-0.90287,119.8699,554,Gempa Bumi ,Covid19,Terorisme ,Punya dan berfungsi,"Punya, tetapi tidak aktif/tidak berfungsi",Tidak punya,Ya,,Ya,Ya,Punya dan tersimpan dengan baik (mudah diakses),"Ya, sudah teruji",,Tidak terdampak,Tidak,Tidak punya,Tidak punya,Tidak punya,Tidak punya,"LSM/NGO Kebencanaan, PMI, Kelompok masyarakat peduli bencana",Tidak,"Peluit, Lampu senter, Rompi, Kotak P3K, Alat pemadam kebakaran, Genset",Tidak,"Tenaga kesehatan , Tenaga/Pelayan Pastoral","Pendataan golongan darah, Pendataan pekerjaan/kegiatan usaha jemaat",Tidak,Tidak,Insidental (penggalangan dana/persembahan bencana),Tidak,Tidak,Tidak pernah ,Bantuan modal,Ibadah minggu,"Video, Poster",Sedikit siap,"Pelatihan Pertolongan Pertama pada Gawat Darurat (PPGD), Simulasi menghadapi bencana, Keterampilan psikososial dalam penanganan korban bencana",Gereja perlu dibekali/diberikan pengetahuan untuk tanggap terhadap situasi yang dapat terjadi dilingkungannya ,27 April 2021,Red,Red,Green,Green,Orange,Green,Green,Green,Green,Red,Orange,Orange,Orange
GPdI Jemaat Shallom ,jalan nusakambangan No.7,Sulawesi Tengah ,-0.90115,119.872,100,Covid19,Gempa Bumi,Tidak ada,Tidak punya,Tidak punya,Tidak punya,Ya,,Ya,Ya,Punya dan tersimpan dengan baik (mudah diakses),"Ya, sudah teruji",,Terdampak tapi masih bisa digunakan,Tidak,"Punya, sudah diperbarui","Punya, sudah diperbarui",Tidak punya,Tidak punya,Kelompok masyarakat peduli bencana,Tidak,"Peluit, Lampu senter, Lampu darurat, Kotak P3K, Peralatan balut bidai, Alat pengeras suara, Genset",Tidak,"Dana insidental kebencanaan, Tenaga kesehatan , Tenaga/Pelayan Pastoral","Pendataan kelompok rentan (disabilitas, lansia, ibu hamil, dan anak-anak)",Tidak,Tidak,Insidental (penggalangan dana/persembahan bencana),Gempa bumi ,Tidak,LSM/NGO,Tidak ada,Ibadah minggu,"Khotbah, Broadcast message WhatsApp Group",Siap,"Simulasi menghadapi bencana, Keterampilan psikososial dalam penanganan korban bencana, Epidemi dan wabah penyakit",Selalu mensosialisasi terkait kebencanaan dari pemerintah ,27 April 2021,Red,Green,Green,Green,Orange,Green,Green,Green,Green,Red,Green,Orange,Orange
Gereja Masehi Adven Hari Ketujuh Jemaat Maesa ,Jl. Sulawesi No.25,Sulawesi Tengah ,-0.90016,119.8701,240,Gempa bumi ,Covid19,Tidak ada ,Punya dan berfungsi,"Punya, tetapi tidak aktif/tidak berfungsi",Tidak punya,Ya,,Ya,Ya,Punya dan tersimpan dengan baik (mudah diakses),"Ya, sudah teruji",,Terdampak tapi masih bisa digunakan,Tidak,"Punya, sudah diperbarui",Tidak punya,"Punya, aktif dan selalu meningkatkan kapasitas","Punya, aktif dan selalu meningkatkan kapasitas","BPBD/BNPB, LSM/NGO Kebencanaan, Kelompok masyarakat peduli bencana","Ya, 1-2 tahun","Kotak P3K, Genset",Tidak,"Dana insidental kebencanaan , Tim penanganan bencana yang terlatih, Tenaga kesehatan , Tenaga/Pelayan Pastoral","Pendataan kelompok rentan (disabilitas, lansia, ibu hamil, dan anak-anak), Pendataan golongan darah, Pendataan pekerjaan/kegiatan usaha jemaat",Tidak,Tidak,Insidental (penggalangan dana/persembahan bencana),Gempa bumi dan covid19,Tidak,"LSM/NGO, Rs Adven Bandung ",Keterampilan,Ibadah minggu,Broadcast message WhatsApp Group,Siap,"Pelatihan Pertolongan Pertama pada Gawat Darurat (PPGD), Teologi Bencana (Church and Community Transformation Resilience Approach-CCT), Rencana Kontijensi Bencana (rencana gereja bergerak bersama jejaring seperti pelatihan dengan BPBD/BNPB/LSM/SAR, dll.), Simulasi menghadapi bencana, Interaksi dan konflik sosial, Keterampilan psikososial dalam penanganan korban bencana, Pelatihan pengelolaan dana dan bantuan, Epidemi dan wabah penyakit, Terorisme",Tidak ada ,27 April 2021,Red,Yellow,Green,Green,Orange,Green,Green,Green,Green,Red,Green,Orange,Orange
GPdI Vinear Palu ,Jalan Sulawesi No 43,Sulawesi Tengah ,-0.90011,119.8691,250,Gempa bumi ,Covid19,Tidak ada ,Tidak punya,Tidak punya,Tidak punya,Ya,,Ya,Tidak,Punya dan tersimpan dengan baik (mudah diakses),"Ya, sudah teruji",,Tidak terdampak,Tidak,Tidak punya,Tidak punya,Spontanitas Jemaat ,Tidak punya,Tidak ada ,Tidak,"Lampu senter, Alat pengeras suara, Genset",Tidak,"Dana insidental kebencanaan , Tenaga kesehatan, Tenaga/Pelayan Pastoral",Tidak ada,Tidak,Tidak,Insidental (penggalangan dana/persembahan bencana),Tidak,Tidak,Belum ada ,Tidak ada,Ibadah minggu,Khotbah,Sedikit siap,"Pelatihan Pertolongan Pertama pada Gawat Darurat (PPGD), Manajemen Barak, Teologi Bencana (Church and Community Transformation Resilience Approach-CCT), Rencana Kontijensi Bencana (rencana gereja bergerak bersama jejaring seperti pelatihan dengan BPBD/BNPB/LSM/SAR, dll.), Simulasi menghadapi bencana, Perubahan iklim dan dampaknya, lingkungan, kualitas, dan kelestarian, Interaksi dan konflik sosial, Disabilitas dan inklusi, Keterampilan psikososial dalam penanganan korban bencana, Pelatihan pengelolaan dana dan bantuan, Epidemi dan wabah penyakit, Terorisme",Tidak ada ,27 April 2021,Red,Red,Green,Green,Orange,Green,Green,Green,Green,Red,Green,Orange,Orange
GKST Jemaat Anugerah Masomba,Jl. Tanjung Manimbaya IV. No. 05,Sulawesi Tengah,-0.90905,119.8818,530,Gempa Bumi,Terorisme,Konflik Sosial antar kelompok,"Punya, tetapi tidak aktif/tidak berfungsi","Punya, tetapi tidak aktif/tidak berfungsi",Tidak punya,Ya,,Ya,Ya,Punya dan tersimpan dengan baik (mudah diakses),"Ya, sudah teruji",Retak ringan,Terdampak dan berpotensi membahayakan pengguna/jemaat,Ya,Tidak punya,Tidak punya,Tidak punya,Tidak punya,"BPBD/BNPB, LSM/NGO Kebencanaan, PMI","Ya, 1-2 tahun","Kotak P3K, Safety Box berisi dokumen penting, Genset",Tidak,Tidak,"Pendataan ekonomi jemaat (tingkat perekonomian jemaat, bagaimana cara jemaat mengatasi perubahan kebutuhan ekonomi disaat pandemi), Pendataan pekerjaan/kegiatan usaha jemaat",Tidak,Tidak,Insidental (penggalangan dana/persembahan bencana),Tidak,Tidak,LSM/NGO,Tidak ada,Tidak ada,Tidak ada,Sedikit siap,"Pelatihan Pertolongan Pertama pada Gawat Darurat (PPGD), Manajemen Barak, Teologi Bencana (Church and Community Transformation Resilience Approach-CCT), Rencana Kontijensi Bencana (rencana gereja bergerak bersama jejaring seperti pelatihan dengan BPBD/BNPB/LSM/SAR, dll.), Simulasi menghadapi bencana, Perubahan iklim dan dampaknya, lingkungan, kualitas, dan kelestarian, Interaksi dan konflik sosial, Disabilitas dan inklusi, Keterampilan psikososial dalam penanganan korban bencana, Pelatihan pengelolaan dana dan bantuan, Epidemi dan wabah penyakit, Terorisme",Simulasi/tanggap darurat menghadapi bencana alam,28 April 2021,Red,Green,Green,Green,Orange,Green,Green,Green,Green,Red,Orange,Orange,Orange
BK korps 2 palu,Kancil bawah no. 67,Sulawesi tengah,-0.91691,119.8701,900,Gempa bimi,Covid 19,Terorisme,Punya dan berfungsi,Punya dan berfungsi,Punya dan berfungsi,Ya,,Tidak,Ya,Pernah mempunyai (tidak dapat diakses lagi),"Ya, sudah teruji",Retak ringan,Terdampak tetapi masih ada pada tempatnya,Tidak,"Punya, sudah diperbarui",Tidak punya,"Punya, aktif dan selalu meningkatkan kapasitas","Punya, aktif dan selalu meningkatkan kapasitas",BPBD/BNPB,"Ya, > 2 tahun","Peluit, Alat pemadam kebakaran, Alat pengeras suara, Safety Box berisi dokumen penting, Genset",Ya,"Tim penanganan bencana yang terlatih, Livelihood , Tenaga/Pelayan Pastoral","Pendataan golongan darah, Pendataan penyintas COVID-19, Pendataan pekerjaan/kegiatan usaha jemaat",Tidak,Tidak,Insidental (penggalangan dana/persembahan bencana),Bencana gempa bumi,Ya,Team penanggulangan bencana bala keselamatan internasional,,"Ibadah minggu, Sekolah Minggu","Khotbah, Siaran radio, Broadcast message WhatsApp Group",Siap,"Manajemen Barak, Teologi Bencana (Church and Community Transformation Resilience Approach-CCT), Rencana Kontijensi Bencana (rencana gereja bergerak bersama jejaring seperti pelatihan dengan BPBD/BNPB/LSM/SAR, dll.), Simulasi menghadapi bencana, Perubahan iklim dan dampaknya, lingkungan, kualitas, dan kelestarian, Interaksi dan konflik sosial, Disabilitas dan inklusi, Keterampilan psikososial dalam penanganan korban bencana, Pelatihan pengelolaan dana dan bantuan, Epidemi dan wabah penyakit, Terorisme","1. Simulasi penanggulangan bencana 
2. Epidemi dan wabah penyakit
3. Terorisme",28 April 2021,Red,Red,Green,Green,Orange,Green,Green,Green,Green,Red,Orange,Orange,Orange
Gkst efhata palu,Jl. Banteng no 9,Sulawesi tengah,-0.93095,119.8845,880,Gempa bumi,Covid 19,Terorisme,Punya dan berfungsi,Punya dan berfungsi,Tidak punya,Ya,,Ya,Ya,Punya dan tersimpan dengan baik (mudah diakses),"Ya, sudah teruji",,Tidak terdampak,Tidak,"Punya, sudah diperbarui",Tidak punya,"Punya, aktif dan selalu meningkatkan kapasitas","Punya, aktif dan selalu meningkatkan kapasitas","BPBD/BNPB, SAR, Kelompok masyarakat peduli bencana","Ya, 1-2 tahun","Kotak P3K, Alat pemadam kebakaran, Alat pengeras suara, Safety Box berisi dokumen penting, Genset",Ya,"Dana insidental kebencanaan , Tim penanganan bencana yang terlatih, Tenaga kesehatan , Tenaga/Pelayan Pastoral","Pendataan kelompok rentan (disabilitas, lansia, ibu hamil, dan anak-anak), Pendataan golongan darah",Sop mengacu pada rapat jemaat (belum paten),Ya,Insidental (penggalangan dana/persembahan bencana),Bencana gempa bumi dan covid 19,Ya,"TNI/POLRI, BNPB/BPBD, PMI/SAR/ Damkar (Pemadam Kebakaran)",,"Ibadah minggu, Sekolah Minggu","Khotbah, Video, Broadcast message WhatsApp Group",Siap,"Manajemen Barak, Rencana Kontijensi Bencana (rencana gereja bergerak bersama jejaring seperti pelatihan dengan BPBD/BNPB/LSM/SAR, dll.), Simulasi menghadapi bencana, Perubahan iklim dan dampaknya, lingkungan, kualitas, dan kelestarian, Epidemi dan wabah penyakit, Terorisme","Manajemen barak, simulasi menghadapi bencana, Perubahan iklim dan dampaknya, epidemi dan wabah penyakit, terorisme",28 April 2021,Red,Green,Green,Green,Orange,Green,Green,Green,Green,Red,Green,Orange,Orange
Gereja Toraja Jemaat Moria Palu,"Jl. Tj. Harapan No.13, Tatura Utara, Kec. Palu Sel., Kota Palu, Sulawesi Tengah 94111",Sulawesi tengah,-0.91011,119.8844,1268,Terorisme,Gempa Bumi,Epidemi dan wabah penyakit,Tidak punya,Tidak punya,Tidak punya,Ya,,Ya,Ya,Punya dan tersimpan dengan baik (mudah diakses),"Ya, sudah teruji",Retak ringan,Terdampak tetapi masih ada pada tempatnya,Tidak,"Punya, tetapi tidak diperbarui",Tidak punya,Tidak punya,Tidak punya,"BPBD/BNPB, SAR, Kelompok masyarakat peduli bencana",Tidak,"Lampu senter, Alat pemadam kebakaran, Alat pengeras suara, Safety Box berisi dokumen penting, Genset",Tidak,"Dana insidental kebencanaan , Tenaga/Pelayan Pastoral, Dana Diakonia dan biaya lain-lain","Pendataan golongan darah, Pendataan pekerjaan/kegiatan usaha jemaat",Tidak,Ya,Insidental (penggalangan dana/persembahan bencana),Gempa dan covid,Ya,"BNPB/BPBD, PMI/SAR/ Damkar (Pemadam Kebakaran)","Bantuan modal, Bantuan usaha, Keterampilan","Ibadah minggu, Sekolah Minggu","Khotbah, Poster, Broadcast message WhatsApp Group",Sedikit siap,"Pelatihan Pertolongan Pertama pada Gawat Darurat (PPGD), Teologi Bencana (Church and Community Transformation Resilience Approach-CCT), Simulasi menghadapi bencana, Keterampilan psikososial dalam penanganan korban bencana, Epidemi dan wabah penyakit",Tidak ada,28 April 2021,Red,Green,Green,Green,Orange,Green,Green,Green,Green,Red,Orange,Orange,Orange
Gereja Kristen Sangkakala Indonesia (GKSI) GALILEA PALU,"Jl. Kesadaran II No.9, Tatura Utara, Kec. Palu Sel., Kota Palu, Sulawesi Tengah 94111",Sulawesi Tengah,-0.91604,119.8817,95,Gempa Bumi,Terorisme,Angin Kencang,"Punya, tetapi tidak aktif/tidak berfungsi",Tidak punya,Tidak punya,Ya,,Ya,Ya,Punya dan tersimpan dengan baik (mudah diakses),"Ya, sudah teruji",Pada saat terjadi bencana gedung gereja tidak mengalami kerusakan,Terdampak tetapi masih ada pada tempatnya,Tidak,"Punya, sudah diperbarui",Tidak punya,"Punya, aktif dan selalu meningkatkan kapasitas",Tidak punya,"BPBD/BNPB, LSM/NGO Kebencanaan, PMI","Ya, 1-2 tahun","Lampu darurat, Rompi, Genset, Tenda ",Tidak,"Dana insidental kebencanaan , Tenaga kesehatan , Tenaga/Pelayan Pastoral","Pendataan ekonomi jemaat (tingkat perekonomian jemaat, bagaimana cara jemaat mengatasi perubahan kebutuhan ekonomi disaat pandemi), Pendataan pekerjaan/kegiatan usaha jemaat",Tidak,Ya,Insidental (penggalangan dana/persembahan bencana),Gempa dan Covid,Ya,"TNI/POLRI, BNPB/BPBD, LSM/NGO, Lembaga Palu Bersatu Bangkit",Keterampilan,"Ibadah minggu, Sekolah Minggu","Khotbah, Video, Poster, Broadcast message WhatsApp Group, Facebook",Sedikit siap,"Pelatihan Pertolongan Pertama pada Gawat Darurat (PPGD), Simulasi menghadapi bencana, Keterampilan psikososial dalam penanganan korban bencana",Tidak Ada,28 April 2021,Red,Green,Green,Green,Orange,Green,Green,Green,Green,Red,Green,Orange,Orange
Gereja Masehi Advent Hari Ketujuh (GMAHK) Jemaat Tatura Palu,"Jl. Purnawirawan No.6, Tatura Sel., Kec. Palu Sel., Kota Palu, Sulawesi Tengah 94111",Sulawesi Tengah,-0.9167,119.8773,400,Gempa Bumi,Epidemi dan wabah penyakit,Terorisme,Punya dan berfungsi,Punya dan berfungsi,Tidak punya,Ya,,Ya,Ya,Punya dan tersimpan dengan baik (mudah diakses),"Ya, sudah teruji",Tidak ada,Tidak terdampak,Tidak,"Punya, sudah diperbarui","Punya, sudah diperbarui","Punya, aktif dan selalu meningkatkan kapasitas",Tidak punya,"BPBD/BNPB, SAR, PMI",Tidak,"Kotak P3K, Alat pengeras suara, Genset, Tenda",Tidak,Tenaga/Pelayan Pastoral,Pendataan secara umum,Tidak,Tidak,Insidental (penggalangan dana/persembahan bencana),Gempa dan covid,Tidak,Tidak ada,Tidak ada,Ibadah sabtu,"Khotbah, Broadcast message WhatsApp Group, Facebook",Siap,"Pelatihan Pertolongan Pertama pada Gawat Darurat (PPGD), Teologi Bencana (Church and Community Transformation Resilience Approach-CCT), Simulasi menghadapi bencana, Interaksi dan konflik sosial, Epidemi dan wabah penyakit",Tidak ada,28 April 2021,Red,Yellow,Green,Green,Orange,Green,Green,Green,Green,Red,Green,Orange,Orange
Gereja Kristen Maranatha Indonesia,Jalan Karoya  I No. 44 F Palu,Sulawesi Tengah,-0.90717,119.8864,80,Gempa Bumi,Wabah Penyakit (Covid19,Kebebasan Beribadah,Tidak punya,Tidak punya,Tidak punya,Ya,Ya,Ya,Ya,Pernah mempunyai (tidak dapat diakses lagi),"Ya, belum teruji",Bangunan lama rubuh total,Pada saat gempa semua rusak total,Ya,Tidak punya,Tidak punya,Tidak punya,Tidak punya,BPBD/BNPB,Tidak,Genset,Tidak,Dana insidental kebencanaan,"Pendataan Kategorial, Bapak, Ibu, Pemuda dan Remaja",Tidak,Tidak,Keduanya (insidental dan alokasi anggaran bulanan khusus bencana),Tidak,Tidak,BNPB/BPBD,Tidak ada,Tidak ada,Tidak ada,Sedikit siap,"Simulasi menghadapi bencana, Interaksi dan konflik sosial, Terorisme",Seminar atau simulasi tanggap bencana gempa bumi dan liquifaksi,28 April 2021,Red,Green,Green,Green,Orange,Green,Green,Green,Green,Red,Green,Orange,Orange
Gereja Gkka Gibeon Palu,Jl. Zebra no. 49 palu,Sulawesi tengah,-0.92446,119.8826,179,Gemoa bumi,Epidemi penyakit,Terorisme,"Punya, tetapi tidak aktif/tidak berfungsi",Tidak punya,Tidak punya,Ya,,Ya,Ya,Punya dan tersimpan dengan baik (mudah diakses),"Ya, sudah teruji",Retak ringan,Tidak terdampak,Tidak,"Punya, tetapi tidak diperbarui",Masih dalam perencanaan,Tidak punya,Tidak punya,"BPBD/BNPB, PMI",Tidak,"Alat pengeras suara, Safety Box berisi dokumen penting, Genset",Tidak,"Dana insidental kebencanaan , Dana kebencanaan rutin , Tenaga kesehatan , Tenaga/Pelayan Pastoral",Tidak ada,Tidak,Tidak,Insidental (penggalangan dana/persembahan bencana),Tidak,Tidak,Belum ada,Tidak ada,Tidak ada,"Khotbah, Broadcast message WhatsApp Group",Sedikit siap,"Pelatihan Pertolongan Pertama pada Gawat Darurat (PPGD), Manajemen Barak, Simulasi menghadapi bencana, Perubahan iklim dan dampaknya, lingkungan, kualitas, dan kelestarian, Interaksi dan konflik sosial, Disabilitas dan inklusi, Epidemi dan wabah penyakit, Terorisme","Simulasi gempa, penanganan epidemi penyakit dan penanganan terorisme",1 mei 2021,Red,Orange,Green,Green,Orange,Green,Green,Green,Green,Red,Green,Orange,Orange
GPdI eben haezer,Jl. Sulawesi bawah lrg. Singgani no. 13 A,Sulawesi tengah,-0.90107,119.8659,525,"Gempa bumi, angin kencang dan banjir",Eoidemi penyakit,Terorisme,Tidak punya,Tidak punya,Tidak punya,Ya,,Ya,Ya,Punya dan tersimpan dengan baik (mudah diakses),"Ya, sudah teruji",Retak ringan,Terdampak dan berpotensi membahayakan pengguna/jemaat,Tidak,"Punya, sudah diperbarui",Tidak punya,Tidak punya,Tidak punya,SAR,Tidak,"Alat pengeras suara, Safety Box berisi dokumen penting, Genset",Ya,"Dana insidental kebencanaan , Dana kebencanaan rutin, Tenaga/Pelayan Pastoral",Pendataan golongan darah,Tidak,Tidak,Insidental (penggalangan dana/persembahan bencana),Tidak,Ya,BNPB/BPBD,Tidak ada,"Ibadah minggu, Pendalaman Alkitab, Sekolah Minggu","Khotbah, Video, Broadcast message WhatsApp Group",Sedikit siap,"Pelatihan Pertolongan Pertama pada Gawat Darurat (PPGD), Manajemen Barak, Rencana Kontijensi Bencana (rencana gereja bergerak bersama jejaring seperti pelatihan dengan BPBD/BNPB/LSM/SAR, dll.), Simulasi menghadapi bencana, Disabilitas dan inklusi, Keterampilan psikososial dalam penanganan korban bencana, Pelatihan pengelolaan dana dan bantuan, Epidemi dan wabah penyakit, Terorisme","Pelatihan penanggulangan bencana gempa (simulasi), penangulangan penyakit dan teror gereja.",1 mei 2021,Red,Red,Green,Green,Orange,Green,Green,Green,Green,Red,Green,Orange,Orange
Gereja sidang jemaat Allah di Indonesia (GSJA),Jalan Tanjung manimbaya 114,Sulawesi tengah,-0.90857,119.8819,350,Konflik sosial antar kelompok/antar komunitas,Terorisme,Kebebasan beribadah,Tidak punya,Tidak punya,Tidak punya,Ya,Tidak,Ya,Belum sesuai standar,Punya dan tersimpan dengan baik (mudah diakses),Gereja tidak memiliki cakar ayam,Retak ringan,Tidak terdampak,Tidak,Belum dibuat jalur atau rute evakuasi,Tidak punya,Tidak punya,Ada dalam bentuk deparfemen,"BPBD/BNPB, LSM/NGO Kebencanaan, Kelompok masyarakat peduli bencana",Tidak,"Alat pemadam kebakaran, Genset",Belum ada,Tidak,"Pendataan ekonomi jemaat (tingkat perekonomian jemaat, bagaimana cara jemaat mengatasi perubahan kebutuhan ekonomi disaat pandemi), Pendataan pekerjaan/kegiatan usaha jemaat",Belum ada,Tidak,Insidental (penggalangan dana/persembahan bencana),Tidak,Tidak,Belum pernah melaksanakan,Belum melakukan,Ibadah minggu,"Video, Broadcast message WhatsApp Group",Sedikit siap,"Pelatihan Pertolongan Pertama pada Gawat Darurat (PPGD), Simulasi menghadapi bencana, Interaksi dan konflik sosial, Terorisme","Menyusun rencana pengembangan sistem peringatan, pemeliharaan persediaan dan pelatihan",2 Mei 2021,Red,Green,Green,Green,Orange,Green,Green,Green,Green,Red,Orange,Orange,Orange
Gereja Toraja Mamasa Jemaat Filadelfia,Jalan Zebra lorong KSM palu,sulawesi tengah,-0.92476,119.8859,120,gempa bumi,kebakaran,terorisme,Punya dan berfungsi,Tidak punya,Tidak punya,Ya,Tidak,Tidak,Ya,Punya dan tersimpan dengan baik (mudah diakses),"Ya, sudah teruji",Ada struktur tulangan yang lepas,Terdampak dan berpotensi membahayakan pengguna/jemaat,Ya,Tidak punya,Tidak punya,Tidak punya,"Punya, tetapi tidak tahu apa yang dilakukan","BPBD/BNPB, LSM/NGO Kebencanaan, PMI",Tidak,"Alat pengeras suara, Genset",Tidak,Tenaga/Pelayan Pastoral,"Pendataan kelompok rentan (disabilitas, lansia, ibu hamil, dan anak-anak), Pendataan ekonomi jemaat (tingkat perekonomian jemaat, bagaimana cara jemaat mengatasi perubahan kebutuhan ekonomi disaat pandemi), Pendataan pekerjaan/kegiatan usaha jemaat",Tidak,Tidak,Insidental (penggalangan dana/persembahan bencana),Tidak,Tidak,belum pernah,belum ada,Ibadah minggu,Khotbah,Sedikit siap,"Pelatihan Pertolongan Pertama pada Gawat Darurat (PPGD), Teologi Bencana (Church and Community Transformation Resilience Approach-CCT), Simulasi menghadapi bencana, Keterampilan psikososial dalam penanganan korban bencana, Pelatihan pengelolaan dana dan bantuan","pelatihan penanggulangan bencana alam gempa bumi, kebakaran, banjir dan lifukasi",2 mei 2021,Red,Green,Green,Green,Orange,Green,Green,Green,Green,Red,Orange,Orange,Orange
Gpid Jemaat Sola Gratia,Jalan Tanjung manimbaya no 168 c kota palu,Sulawesi tengah,-0.909096,119.888465,300,Terorisme,Gempa bumi,Likuifaksi,Tidak punya,Tidak punya,Tidak punya,Ya,Tidak,Ya,Ya,Tidak punya,"Ya, sudah teruji",Kerusakan pada lantai gedung,Terdampak tetapi masih ada pada tempatnya,Tidak,"Punya, tetapi tidak diperbarui","Punya, tetapi tidak diperbarui","Punya, aktif dan selalu meningkatkan kapasitas",Tidak punya,"BPBD/BNPB, SAR, PMI",Tidak,"Kotak P3K, Alat pengeras suara, Genset",Tidak,Tim penanganan bencana yang terlatih,"Pendataan golongan darah, Pendataan penyintas COVID-19",Tidak,Tidak,Insidental (penggalangan dana/persembahan bencana),Gempa bumi tsunami dan likuifaksi,Ya,TNI/POLRI,Tidak ada,Ibadah minggu,Khotbah,Sedikit siap,"Teologi Bencana (Church and Community Transformation Resilience Approach-CCT), Simulasi menghadapi bencana, Interaksi dan konflik sosial",Harus ada edukasi terlebih dahulu setelah diadakan pelatihan,2 Mei 2021,Red,Green,Green,Green,Orange,Green,Green,Green,Green,Red,Orange,Orange,Orange
Gpid patmos Jonooge di sidera,Desa sidera bagian atas kecamatan Sigi biromaru kabupaten Sigi,Sulawesi tengah,-1.01869,119.9483,272,Konflik sosial,Terorisme,Gempa bumi ,Tidak punya,Tidak punya,Tidak punya,Ya,Tidak,Ya,Ya,Pernah mempunyai (tidak dapat diakses lagi),"Ya, belum teruji",Bangunan baru,Hancur tdk berada di tempat,Ya,Tidak punya,Tidak punya,Tidak punya,Tidak punya,BPBD/BNPB,Tidak,"Lampu senter, Lampu darurat, Alat pengeras suara, Genset",Tidak,Tidak,Tidak ada,Tidak,Tidak,Insidental (penggalangan dana/persembahan bencana),Tidak,Tidak,"BNPB/BPBD, LSM/NGO",Bantuan modal,Tidak ada,Tidak ada,Tidak siap,Pelatihan Pertolongan Pertama pada Gawat Darurat (PPGD),Pengetahuan tentang kebencanaan pertolongan/tindakan yang dapat dilakukan,1 Mei 2021,Red,Green,Green,Green,Orange,Green,Green,Green,Green,Red,Orange,Orange,Orange
GBI Jemaat Malaya Palu,Jl. Towua Lrg. Malaya Palu,Sulawesi Tengah,-0.92946,119.8808,70,Gempa bumi,Kebakaran,Wabah penyakit Covid19,Tidak punya,Tidak punya,Tidak punya,Ya,,Tidak,Tidak,Punya dan tersimpan dengan baik (mudah diakses),Tidak,Tiang yang miring,Terdampak dan berpotensi membahayakan pengguna/jemaat,Ya,Tidak punya,Tidak punya,Tidak punya,Tidak punya,"BPBD/BNPB, SAR, PMI",Tidak,Genset,Tidak,"Dana insidental kebencanaan , Tenaga/Pelayan Pastoral",Pendataan Jumlah keseluruhan Jemaat,Tidak,Tidak,Insidental (penggalangan dana/persembahan bencana),Tidak,Tidak,Belum ada,Tidak ada,"Ibadah minggu, Sekolah Minggu","Khotbah, Poster, Broadcast message WhatsApp Group",Siap,"Rencana Kontijensi Bencana (rencana gereja bergerak bersama jejaring seperti pelatihan dengan BPBD/BNPB/LSM/SAR, dll.), Epidemi dan wabah penyakit","1. Simulasi Tanggap darurat bencana
2. Pembentukan tim khusus serta pelatihan dalam tiap bidangnya",2 Mei 2021,Red,Yellow,Green,Green,Orange,Green,Green,Green,Green,Red,Orange,Orange,Orange
Bala keselamatan Lekatu,Jalan Malonda RT 02 RW 01 kota palu,Sulawesi tengah,-0.85709,119.8129,700,Gempa bumi,Angin topan/kencang,Epidemi dan wadah penyakit,Tidak punya,Tidak punya,Tidak punya,Ya,Tidak,Ya,Ya,Punya dan tersimpan dengan baik (mudah diakses),"Ya, sudah teruji",Retak ringan,Terdampak tetapi masih ada pada tempatnya,Ya,Tidak punya,Tidak punya,Tidak punya,Tidak punya,"BPBD/BNPB, LSM/NGO Kebencanaan, Kelompok masyarakat peduli bencana",Tidak,"Lampu senter, Genset",Tidak,Tidak,"Pendataan kelompok rentan (disabilitas, lansia, ibu hamil, dan anak-anak), Pendataan ekonomi jemaat (tingkat perekonomian jemaat, bagaimana cara jemaat mengatasi perubahan kebutuhan ekonomi disaat pandemi)",Tidak,Tidak,Insidental (penggalangan dana/persembahan bencana),Tidak,Tidak,LSM/NGO,Tidak ada,"Ibadah minggu, Pendalaman Alkitab, Sekolah Minggu",,Tidak siap,"Simulasi menghadapi bencana, Perubahan iklim dan dampaknya, lingkungan, kualitas, dan kelestarian, Keterampilan psikososial dalam penanganan korban bencana, Epidemi dan wabah penyakit","Simulasi menghadapi bencana, perubahan iklim dan dampaknya, epidemi dan wabah penyakit",02 Mei 2021,Red,Red,Green,Green,Orange,Green,Green,Green,Green,Red,Green,Orange,Orange
Gkmi jemaat mawar saron,Jalan keledai palu,Sulawesi tengah,-0.92746,119.8859,26,Gempa bumi,Konflik sosial,Terorisme,Tidak punya,Tidak punya,Tidak punya,Ya,Tidak,Ya,Ya,Tidak punya,Bangunan belum selesai,Tidak ada,Terdampak tetapi masih ada pada tempatnya,Tidak,Tidak punya,Tidak punya,Tidak punya,Tidak punya,BPBD/BNPB,Tidak,Lampu senter,Tidak,Tidak,Tidak ada,Tidak,Tidak,Insidental (penggalangan dana/persembahan bencana),Tidak,Tidak,Belum ada,Tidak ada,Tidak ada,Tidak ada,Tidak siap,"Pelatihan Pertolongan Pertama pada Gawat Darurat (PPGD), Simulasi menghadapi bencana, Keterampilan psikososial dalam penanganan korban bencana",Sosialisasi mitigasi bagi anak-anak pada saat terjadi gempa,2 Mei 2021,Red,Green,Green,Green,Orange,Green,Green,Green,Green,Red,Orange,Orange,Orange
GPID Koinonia Palu,Jalan Tangkasi,Sulawesi Tengah,-0.92881,119.8891,450,Gempa bumi,Wabah penyakit,Konflik sosial,Tidak punya,Tidak punya,Tidak punya,Ya,Tidak,Ya,Ya,Tidak punya,Tidak,Tidak ada,Terdampak tetapi masih ada pada tempatnya,Ya,Tidak punya,Tidak punya,Tidak punya,Tidak punya,"BPBD/BNPB, SAR, Kelompok masyarakat peduli bencana",Tidak,Alat pengeras suara,Ya,Tenaga/Pelayan Pastoral,"Pendataan ekonomi jemaat (tingkat perekonomian jemaat, bagaimana cara jemaat mengatasi perubahan kebutuhan ekonomi disaat pandemi)",Tidak,Tidak,Insidental (penggalangan dana/persembahan bencana),Tidak,Tidak,Tidak ada,Tidak ada,Ibadah minggu,"Khotbah, Broadcast message WhatsApp Group",Tidak siap,"Pelatihan Pertolongan Pertama pada Gawat Darurat (PPGD), Keterampilan psikososial dalam penanganan korban bencana",Sosialisasi tentang kebencanaan,2 Mei 2021,Red,Green,Green,Green,Orange,Green,Green,Green,Green,Red,Green,Orange,Orange
Gereja Masehi Advent Hari Ketujuh Jemaat SetiaBudi Palu,Jln. Setiabudi No. 64 Palu,Sulawesi Tengah,-0.88805,119.8789,178,Gempa Bumi,Tsunami,Likuifaksi,Punya dan berfungsi,"Punya, tetapi tidak aktif/tidak berfungsi","Punya, tetapi tidak berfungsi",Ya,,Ya,Ya,Punya dan tersimpan dengan baik (mudah diakses),"Ya, sudah teruji",Retak ringan,Terdampak tetapi masih ada pada tempatnya,Tidak,"Punya, tetapi tidak diperbarui","Punya, tetapi tidak diperbarui","Punya, aktif dan selalu meningkatkan kapasitas","Punya, aktif dan selalu meningkatkan kapasitas","BPBD/BNPB, SAR, LSM/NGO Kebencanaan","Ya, 1-2 tahun","Lampu senter, Kotak P3K, Alat pemadam kebakaran, Alat pengeras suara, Safety Box berisi dokumen penting, Genset, Ambulans",Ya,"Tim penanganan bencana yang terlatih, Tenaga kesehatan , Tenaga/Pelayan Pastoral",Tidak ada,Tidak,Ya,Keduanya (insidental dan alokasi anggaran bulanan khusus bencana),"Gempa Bumi, dll",Ya,"TNI/POLRI, BNPB/BPBD, BNPT (Badan Nasional Penanganan Terorisme)",Keterampilan,"Ibadah minggu, Pendalaman Alkitab, Sekolah Minggu","Khotbah, Video, Poster, Broadcast message WhatsApp Group",Sedikit siap,"Pelatihan Pertolongan Pertama pada Gawat Darurat (PPGD), Manajemen Barak, Teologi Bencana (Church and Community Transformation Resilience Approach-CCT), Simulasi menghadapi bencana, Perubahan iklim dan dampaknya, lingkungan, kualitas, dan kelestarian, Interaksi dan konflik sosial, Disabilitas dan inklusi, Keterampilan psikososial dalam penanganan korban bencana, Pelatihan pengelolaan dana dan bantuan, Epidemi dan wabah penyakit, Terorisme",Tidak ada ,3 Mei 2021,Red,Green,Green,Green,Orange,Green,Green,Green,Green,Red,Orange,Orange,Orange
Gpid jemaat Manunggal,Jalan Towua no.11 palu,Sulawesi tengah,-0.9198835024,119.877948,1669,Gempa bumi,Epidemi dan wabah penyakit,Konflik sosial antar kelompok,Tidak punya,Tidak punya,Tidak punya,Ya,Tidak,Tidak semua terbuka kearah luar,Ya,Pernah mempunyai (tidak dapat diakses lagi),Tidak,Retak ringan,Terdampak tetapi masih ada pada tempatnya,Ya,Tidak punya,Tidak punya,Tidak punya,Tidak punya,"BPBD/BNPB, SAR, LSM/NGO Kebencanaan",Tidak,"Lampu senter, Kotak P3K, Tandu, Alat pemadam kebakaran, Alat pengeras suara, Genset, Ambulans",Tidak,Tidak,"Pendataan kelompok rentan (disabilitas, lansia, ibu hamil, dan anak-anak), Pendataan golongan darah, Pendataan pekerjaan/kegiatan usaha jemaat",Tidak,Tidak,Insidental (penggalangan dana/persembahan bencana),Tidak,Tidak,BNPB/BPBD,Tidak ada,Ibadah minggu,"Khotbah, Video, Poster, Broadcast message WhatsApp Group",Tidak siap,"Pelatihan Pertolongan Pertama pada Gawat Darurat (PPGD), Simulasi menghadapi bencana, Keterampilan psikososial dalam penanganan korban bencana, Epidemi dan wabah penyakit","Koordinasi dengan semua recorder, penggunaan sarana dan prasarana kebencanaan, pelatihan tahun penyalahgunaan bencana di gereja",5 Mei 2021,Red,Yellow,Green,Green,Orange,Green,Green,Green,Green,Red,Orange,Orange,Orange
Gereja Pantekosta Tabernakel Kristus Kasih,Jl. Basuki Rahmat no.37 A,Sulawesi Tengah,-0.91891,119.8806,150,Gempa bumi,Liquifaksi,Tsunami,Punya dan berfungsi,Tidak punya,Tidak punya,Ya,,Ya,Tidak,Tidak punya,"Ya, sudah teruji",Retak ringan,Terdampak tetapi masih ada pada tempatnya,Ya,"Punya, tetapi tidak diperbarui",Tidak punya,Tidak punya,Tidak punya,BPBD/BNPB,Tidak,Lampu senter,Tidak,Tenaga/Pelayan Pastoral,Pendataan golongan darah,Gempa bumi,Tidak,Keduanya (insidental dan alokasi anggaran bulanan khusus bencana),Gempa bumi,Tidak,TNI/POLRI,Keterampilan,Tidak ada,Tidak ada,Sedikit siap,Simulasi menghadapi bencana,Meningkatkan kesiap Siagaan untuk mengantisipasi bencana,03 Mei 2021,Red,Green,Green,Green,Orange,Green,Green,Green,Green,Red,Orange,Orange,Orange
GPID Pniel Palu,Jl. Cik Di Tiro. No. 20. Palu,Sulawesi Tengah,-0.89282,119.8721,1900,Gempa bumi,Epidemi dan wabah penyakit,Terorisme,Tidak punya,Tidak punya,Tidak punya,Ya,,Ya,Ya,Punya dan tersimpan dengan baik (mudah diakses),"Ya, sudah teruji",Retak ringan,Terdampak tetapi masih ada pada tempatnya,Tidak,Tidak punya,Tidak punya,Tidak punya,Tidak punya,"BPBD/BNPB, LSM/NGO Kebencanaan, PMI","Ya, 1-2 tahun","Alat pemadam kebakaran, Safety Box berisi dokumen penting, Genset, Ambulans",Tidak,Dana insidental kebencanaan ,"Pendataan kelompok rentan (disabilitas, lansia, ibu hamil, dan anak-anak), Pendataan golongan darah, Pendataan ekonomi jemaat (tingkat perekonomian jemaat, bagaimana cara jemaat mengatasi perubahan kebutuhan ekonomi disaat pandemi)",Tidak,Tidak,Insidental (penggalangan dana/persembahan bencana),Tidak,Tidak,Belum pernah,Tidak ada,"Ibadah minggu, Sekolah Minggu","Khotbah, Broadcast message WhatsApp Group, Warta Jemaat",Sedikit siap,"Pelatihan Pertolongan Pertama pada Gawat Darurat (PPGD), Teologi Bencana (Church and Community Transformation Resilience Approach-CCT), Rencana Kontijensi Bencana (rencana gereja bergerak bersama jejaring seperti pelatihan dengan BPBD/BNPB/LSM/SAR, dll.), Simulasi menghadapi bencana, Keterampilan psikososial dalam penanganan korban bencana, Pelatihan pengelolaan dana dan bantuan, Epidemi dan wabah penyakit",Pelatihan Simulasi menghadapi bencana,05 April 2021,Red,Green,Green,Green,Orange,Green,Green,Green,Green,Red,Orange,Orange,Orange
GPID Getsemani Maesa Palu,Jalan Patimura No.15 Palu,Sulawesi Tengah,-0.89955,119.8689,876,Gempa bumi,Epidemi dan wabah penyakit covid 19,Terorisme,Tidak punya,Tidak punya,Tidak punya,Ya,,Ya,Ya,Tidak punya,"Ya, sudah teruji",Retak ringan,Tidak terdampak,Ya,"Punya, tetapi tidak diperbarui",Tidak punya,Tidak punya,Tidak punya,"BPBD/BNPB, PMI",Tidak,"Kotak P3K, Alat pemadam kebakaran, Genset",Tidak,Tidak,Tidak ada,Tidak,Tidak,Insidental (penggalangan dana/persembahan bencana),Covid 19,Tidak,Tidak ada,Tidak ada,Ibadah minggu,"Khotbah, Broadcast message WhatsApp Group",Siap,"Pelatihan Pertolongan Pertama pada Gawat Darurat (PPGD), Manajemen Barak, Teologi Bencana (Church and Community Transformation Resilience Approach-CCT), Rencana Kontijensi Bencana (rencana gereja bergerak bersama jejaring seperti pelatihan dengan BPBD/BNPB/LSM/SAR, dll.), Simulasi menghadapi bencana, Perubahan iklim dan dampaknya, lingkungan, kualitas, dan kelestarian, Interaksi dan konflik sosial, Disabilitas dan inklusi, Keterampilan psikososial dalam penanganan korban bencana, Pelatihan pengelolaan dana dan bantuan, Epidemi dan wabah penyakit, Terorisme","Pelatihan tentang bencana, kesiap siagaan dalam menghadapi bencana",30 April 2021,Red,Orange,Green,Green,Orange,Green,Green,Green,Green,Red,Orange,Orange,Orange
GKST Jemaat Siloam Palu,Jl. Karanjalemba lorong siloam palu,Sulawesi Tengah,-0.93457,119.8905,77,Gempa bumi ,Epidemi dan Wabah Penyakit (Covid 19) ,Konflik sosial antar kelompok /anatar komunitas masyarakat,Tidak punya,Tidak punya,Tidak punya,Ya,,Ya,Ya,Punya dan tersimpan dengan baik (mudah diakses),"Ya, sudah teruji",Retak ringan,Tidak terdampak,Tidak,"Punya, tetapi tidak diperbarui",Tidak punya jalur evakuasi aksesibel hanya memiliki jalur evakuasi umum,Tidak punya,Tidak punya,"BPBD/BNPB, SAR, PMI",Tidak,Genset,Tidak,"Dana insidental kebencanaan , Tenaga kesehatan , Tenaga/Pelayan Pastoral","Pendataan golongan darah, Pendataan pekerjaan/kegiatan usaha jemaat",Tidak,Tidak,Insidental (penggalangan dana/persembahan bencana),Tidak,Ya,Belum pernah,Tidak ada,"Ibadah minggu, Pendalaman Alkitab, Sekolah Minggu","Khotbah, Video, Broadcast message WhatsApp Group",Siap,"Pelatihan Pertolongan Pertama pada Gawat Darurat (PPGD), Teologi Bencana (Church and Community Transformation Resilience Approach-CCT), Rencana Kontijensi Bencana (rencana gereja bergerak bersama jejaring seperti pelatihan dengan BPBD/BNPB/LSM/SAR, dll.), Simulasi menghadapi bencana, Perubahan iklim dan dampaknya, lingkungan, kualitas, dan kelestarian, Interaksi dan konflik sosial, Keterampilan psikososial dalam penanganan korban bencana, Pelatihan pengelolaan dana dan bantuan, Epidemi dan wabah penyakit, Terorisme",Program pelatihan /simulasi tanggap darurat bencana , 4 Mei 2021,Red,Green,Green,Green,Orange,Green,Green,Green,Green,Red,Orange,Orange,Orange
Gereja Masehi Protestan Umum Jemaat Filea Palu,Jl. Towua lorong malaya palu,Sulawesi tengah,-0.93062,119.8812,120,Gempa bumi ,Banjir,Epidemi dan wabah penyakit (Covid 19) ,Tidak punya,Tidak punya,Tidak punya,Tidak,Ya,Gedung gereja dalam tahap rencana pembangunan sehingga belum memiliki pintu seperti yang di maksud,Ya,Punya dan tersimpan dengan baik (mudah diakses),"Ya, sudah teruji",Tidak ada,Tidak terdampak,Tidak,"Punya, tetapi tidak diperbarui",Tidak punya,Tidak punya,Tidak punya,"BPBD/BNPB, LSM/NGO Kebencanaan, Kelompok masyarakat peduli bencana",Tidak,Semua tidak ada,Tidak,"Dana insidental kebencanaan, Tenaga/Pelayan Pastoral",Pendataan pekerjaan/kegiatan usaha jemaat,Tidak,Tidak,Insidental (penggalangan dana/persembahan bencana),Tidak,Ya,Belum pernah,Tidak ada,"Ibadah minggu, Sekolah Minggu","Khotbah, Video, Poster, Broadcast message WhatsApp Group",Siap,"Pelatihan Pertolongan Pertama pada Gawat Darurat (PPGD), Teologi Bencana (Church and Community Transformation Resilience Approach-CCT)","Pembangunan  gedung yang permanent yang strukturnya tahan gempa, serta pembentukan tim siaga bencana yang terlatih", 4 Mei 2021,Red,Orange,Green,Green,Orange,Green,Green,Green,Green,Red,Green,Orange,Orange
GKST Victory Palu,Jl. Ki Hajar Dewantoro Palu lorong Cencer No.10A,Sulawesi Tengah,-0.89168,119.8849,94,Gempa bumi,Angin puting beliung,Tanah longsor,Tidak punya,Tidak punya,Tidak punya,Ya,,Ya,Ya,Pernah mempunyai (tidak dapat diakses lagi),"Ya, sudah teruji",Retak ringan,Terdampak tetapi masih ada pada tempatnya,Tidak,"Punya, sudah diperbarui",Tidak punya,Tidak punya,Tidak punya,"BPBD/BNPB, SAR, LSM/NGO Kebencanaan","Ya, > 2 tahun","Lampu senter, Genset",Tidak,Tenaga/Pelayan Pastoral,Tidak ada,Tidak,Tidak,Insidental (penggalangan dana/persembahan bencana),Tidak,Ya,Belum ada,Tidak ada,Ibadah minggu,Khotbah,Siap,Simulasi menghadapi bencana,Sosialisasi dan penguatan dalam menghadapi dan mengantisipasi bencana,01 Mei 2021,Red,Green,Green,Green,Orange,Green,Green,Green,Green,Red,Orange,Orange,Orange
GKST jemaat Gamaliel karanjalemba palu,Jl. Karanjalemba 3 ,Sulawesi tengah,-0.93399,119.8902,123,Gempa bumi,Epidemi dan wabah penyakit (covid 19) ,Konflik sosial antar kelompok/antar komunitas masyarakat,Tidak punya,Tidak punya,Tidak punya,Ya,,Ya,Ya,Punya dan tersimpan dengan baik (mudah diakses),"Ya, sudah teruji",Retak ringan,Tidak terdampak,Ya,"Punya, sudah diperbarui",Tidak punya,Tidak punya,Tidak punya,"SAR, LSM/NGO Kebencanaan, Kelompok masyarakat peduli bencana",Tidak,"Lampu senter, Genset",Ya,"Dana insidental kebencanaan , Tenaga kesehatan , Tenaga/Pelayan Pastoral",Tidak ada,Tidak,Tidak,Insidental (penggalangan dana/persembahan bencana),Tidak,Ya,FKUB (Forum Kerukunan Umat Beragama),,"Ibadah minggu, Sekolah Minggu","Khotbah, Broadcast message WhatsApp Group",Siap,"Pelatihan Pertolongan Pertama pada Gawat Darurat (PPGD), Simulasi menghadapi bencana",Program Pembinaan pada jemaat untuk pelatihan tanggap darurat bencana, 4 Mei 2021,Red,Green,Green,Green,Orange,Green,Green,Green,Green,Red,Orange,Orange,Orange
GPdI Filadelfia Tawaeli,Jl. Biaya Raya No. 127A,Sulawesi Tengah,-0.72125,119.8636,100,Gempa bumi,Pandemi Covid 19,Terorisme,Tidak punya,Tidak punya,Tidak punya,Ya,,Tidak,Ya,Punya dan tersimpan dengan baik (mudah diakses),"Ya, belum teruji",Bangunan baru di bangun pasca gempa 28 September 2018,Terdampak dan berpotensi membahayakan pengguna/jemaat,Tidak,Tidak punya,Tidak punya,Tidak punya,Tidak punya,Kepolisian,Tidak,Genset,Tidak,Dana insidental kebencanaan ,Tidak ada,Tidak,Tidak,Insidental (penggalangan dana/persembahan bencana),Tidak,Tidak,Belum pernah ada,,"Ibadah minggu, Sekolah Minggu","Khotbah, Broadcast message WhatsApp Group",Sedikit siap,"Pelatihan Pertolongan Pertama pada Gawat Darurat (PPGD), Simulasi menghadapi bencana, Keterampilan psikososial dalam penanganan korban bencana, Pelatihan pengelolaan dana dan bantuan",Simulasi tanggap darurat, 04 Mei 2021,Orange,Green,Green,Green,Orange,Green,Green,Green,Green,Red,Orange,Orange,Orange
Gereja Baptis (KGBI) Galilea Palu,Jl. Zebra Raya No. 60 ,Sulawesi tengah,-0.92731,119.885,90,Gempa bumi,Epidemi dan wabah penyakit (Covid19) ,Terorisme,"Punya, tetapi tidak aktif/tidak berfungsi","Punya, tetapi tidak aktif/tidak berfungsi",Punya dan berfungsi,Ya,Ya,Ya,Ya,Punya dan tersimpan dengan baik (mudah diakses),"Ya, sudah teruji",Tidak ada,Terdampak tetapi masih ada pada tempatnya,Tidak,"Punya, sudah diperbarui",Tidak punya,"Punya, tetapi tidak tahu apa yang dilakukan","Punya, tetapi tidak tahu apa yang dilakukan","BPBD/BNPB, LSM/NGO Kebencanaan, Kelompok masyarakat peduli bencana",Tidak,Genset,Ya,"Dana insidental kebencanaan , Tenaga/Pelayan Pastoral",Tidak ada,Tidak,Ya,Insidental (penggalangan dana/persembahan bencana),Gempa bumi,Ya,BNPB/BPBD,Tidak ada,Ibadah minggu,Khotbah,Siap,"Pelatihan Pertolongan Pertama pada Gawat Darurat (PPGD), Manajemen Barak, Simulasi menghadapi bencana, Keterampilan psikososial dalam penanganan korban bencana, Pelatihan pengelolaan dana dan bantuan",Program pelatihan dan simulasi dalam menghadapi bencana, 4 Mei 2021,Red,Green,Green,Green,Orange,Green,Green,Green,Green,Red,Green,Orange,Orange
GKST BETHEL WATUBULA,Jl. Rompi Desa Watubula Kecamatan Sigi Kota Kabupaten Sigi,Sulawesi Tengah,-1.03567,119.9002,108,Gempa bumi,Angin kencang,Konflik sosial,Punya dan berfungsi,"Punya, tetapi tidak aktif/tidak berfungsi",Tidak punya,Ya,,Hanya pintu depan,Ya,Pernah mempunyai (tidak dapat diakses lagi),Tidak,Dinding gedung gereja miring,Terdampak tetapi masih ada pada tempatnya,Tidak,"Punya, tetapi tidak diperbarui",Tidak punya,"Punya, tetapi tidak tahu apa yang dilakukan","Punya, tetapi tidak tahu apa yang dilakukan",Kelompok masyarakat peduli bencana,"Ya, 1-2 tahun","Lampu senter, Genset",Ya,"Tenaga kesehatan , Tenaga/Pelayan Pastoral","Pendataan ekonomi jemaat (tingkat perekonomian jemaat, bagaimana cara jemaat mengatasi perubahan kebutuhan ekonomi disaat pandemi), Pendataan pekerjaan/kegiatan usaha jemaat",Tidak,Ya,Insidental (penggalangan dana/persembahan bencana),Tidak,Tidak,LSM/NGO,Bantuan modal,Ibadah minggu,Khotbah,Siap,"Simulasi menghadapi bencana, Keterampilan psikososial dalam penanganan korban bencana, Epidemi dan wabah penyakit","Menetapkan pengurus PRB jemaat
Meningkatkan ekonomi dan kapasitas jemaat dalam mengurangi resiko bencana",28 April 2021,Red,Green,Green,Green,Orange,Green,Green,Green,Green,Red,Green,Orange,Orange
Gereja Masehi Adven Hari Ketujuh Jemaat Bethel,Jl. Malaya no.45 Birobuli Selatan Kota Palu,Sulawesi Tengah,-0.93107,119.8811,75,Gempa bumi,Covid19,Terorisme,"Punya, tetapi tidak aktif/tidak berfungsi","Punya, tetapi tidak aktif/tidak berfungsi",Tidak punya,Ya,,Tidak,Ya,Punya dan tersimpan dengan baik (mudah diakses),"Ya, sudah teruji",Retak ringan,Terdampak tetapi masih ada pada tempatnya,Tidak,"Punya, tetapi tidak diperbarui","Punya, tetapi tidak diperbarui","Punya, aktif dan selalu meningkatkan kapasitas","Punya, aktif dan selalu meningkatkan kapasitas",LSM/NGO Kebencanaan,"Ya, > 2 tahun","Alat pengeras suara, Genset",Ya,"Dana insidental kebencanaan , Tenaga kesehatan , Tenaga/Pelayan Pastoral","Pendataan kelompok rentan (disabilitas, lansia, ibu hamil, dan anak-anak), Pendataan ekonomi jemaat (tingkat perekonomian jemaat, bagaimana cara jemaat mengatasi perubahan kebutuhan ekonomi disaat pandemi), Pendataan pekerjaan/kegiatan usaha jemaat",Tidak,Ya,Insidental (penggalangan dana/persembahan bencana),"1. Gempa bumi
2. Covid 19",Ya,"TNI/POLRI, LSM/NGO",,"Ibadah minggu, Sekolah Minggu","Khotbah, Poster, Broadcast message WhatsApp Group",Siap,Simulasi menghadapi bencana,"1. Untuk program-program gereja yang sudah ada lebih ditingkatkan lagi kapasitasnya.
2. Lebih menghimbau kepada jemaat untuk sama-sama menjaga kesehatan bersama",4 Mei 2021,Red,Orange,Green,Green,Orange,Green,Green,Green,Green,Red,Green,Orange,Orange
Gereja Sidang Jemaat Kristus,Jalan Sulawesi No. 8 ,Sulawesi Tengah,-0.90033,119.8713,92,Gempa bumi ,Tsunami,Likuifaksi,Punya dan berfungsi,Tidak punya,Tidak punya,Ya,,Ya,Tidak,Tidak punya,"Ya, sudah teruji",Retak ringan,Terdampak tetapi masih ada pada tempatnya,Tidak,Tidak punya,Tidak punya,Tidak punya,Tidak punya,PMI,Tidak,"Rompi, Kotak P3K, Alat pengeras suara, Genset",Tidak,"Dana insidental kebencanaan , Tenaga/Pelayan Pastoral","Pendataan kelompok rentan (disabilitas, lansia, ibu hamil, dan anak-anak), Pendataan ekonomi jemaat (tingkat perekonomian jemaat, bagaimana cara jemaat mengatasi perubahan kebutuhan ekonomi disaat pandemi), Pendataan pekerjaan/kegiatan usaha jemaat","Gempa bumi, kebakaran, kerusakan berat",Ya,Keduanya (insidental dan alokasi anggaran bulanan khusus bencana),Tidak,Tidak,Belum ada,Tidak ada,Tidak ada,Tidak ada,Sedikit siap,"Pelatihan Pertolongan Pertama pada Gawat Darurat (PPGD), Manajemen Barak, Teologi Bencana (Church and Community Transformation Resilience Approach-CCT), Rencana Kontijensi Bencana (rencana gereja bergerak bersama jejaring seperti pelatihan dengan BPBD/BNPB/LSM/SAR, dll.), Simulasi menghadapi bencana, Perubahan iklim dan dampaknya, lingkungan, kualitas, dan kelestarian, Interaksi dan konflik sosial, Disabilitas dan inklusi, Keterampilan psikososial dalam penanganan korban bencana, Pelatihan pengelolaan dana dan bantuan, Epidemi dan wabah penyakit, Terorisme","Simulasi atau sosialisasi video atau poster yang dapat di tempel, di putar saat ibadah dan disebarkan melalui grup sosial media gereja",4 Mei 2021,Red,Green,Green,Green,Orange,Green,Green,Green,Green,Red,Orange,Orange,Orange
BK Korps 1 Palu,Jl.  Patimura no. 2 Palu,Sulawesi tengah,-0.8977,119.8649,315,"Banjir,  gempa bumi",Epidemi penyakit,Terorisme,Punya dan berfungsi,Punya dan berfungsi,Tidak punya,Ya,,"Pintu atas ya,  pintu bawah digeser",Ya,Punya dan tersimpan dengan baik (mudah diakses),"Ya, sudah teruji",Retak ringan,Terdampak tetapi masih ada pada tempatnya,Tidak,Tidak punya,Tidak punya,Tidak punya,Ada Team covid 19,"BPBD/BNPB, LSM/NGO Kebencanaan, PMI","Ya, 1-2 tahun","Alat pemadam kebakaran, Alat pengeras suara, Genset",Tidak,"Dana insidental kebencanaan , Dana kebencanaan rutin , Tenaga kesehatan , Tenaga/Pelayan Pastoral",Tidak ada,Tidak,Ya,Keduanya (insidental dan alokasi anggaran bulanan khusus bencana),Gempa bumi dan covid 19,Tidak,BNPB/BPBD,Tidak ada,"Ibadah minggu, Pendalaman Alkitab, Sekolah Minggu","Khotbah, Poster, Siaran radio, Broadcast message WhatsApp Group",Sedikit siap,"Pelatihan Pertolongan Pertama pada Gawat Darurat (PPGD), Manajemen Barak, Epidemi dan wabah penyakit, Terorisme","Simulasi gempa,  kebakaran,  banjir, 
 epidemi penyakit dan terorisme",5 mei 2021,Red,Green,Green,Green,Orange,Green,Green,Green,Green,Red,Green,Orange,Orange
GPID Jemaat Bahtera Pantoloan,Jl. Pasar Vinase Tawaeli,Sulawesi Tengah,-0.71079,119.8646,400,Gempa Bumi,Pandemi Covid 19,Terorisme,Tidak punya,Tidak punya,Tidak punya,Ya,,Tidak,Tidak,Pernah mempunyai (tidak dapat diakses lagi),Tidak,Retak ringan,Terdampak tetapi masih ada pada tempatnya,Tidak,"Punya, tetapi tidak diperbarui",Tidak punya,Tidak punya,Tidak punya,"BPBD/BNPB, LSM/NGO Kebencanaan, PMI",Tidak,"Alat pengeras suara, Genset",Tidak,Tidak,"Pendataan kelompok rentan (disabilitas, lansia, ibu hamil, dan anak-anak), Pendataan ekonomi jemaat (tingkat perekonomian jemaat, bagaimana cara jemaat mengatasi perubahan kebutuhan ekonomi disaat pandemi), Pendataan pekerjaan/kegiatan usaha jemaat",Tidak,Tidak,Insidental (penggalangan dana/persembahan bencana),Tidak,Tidak,LSM/NGO,Tidak ada,"Ibadah minggu, Sekolah Minggu","Broadcast message WhatsApp Group, Warta Jemaat",Tidak siap,"Pelatihan Pertolongan Pertama pada Gawat Darurat (PPGD), Manajemen Barak, Simulasi menghadapi bencana, Interaksi dan konflik sosial, Disabilitas dan inklusi, Keterampilan psikososial dalam penanganan korban bencana, Pelatihan pengelolaan dana dan bantuan, Epidemi dan wabah penyakit, Terorisme",Simulasi Bencana, 05 Mei 2021,Yellow,Green,Green,Green,Orange,Green,Green,Green,Green,Red,Orange,Orange,Orange
GBI Gilgal Palu,Jalan Sulawesi ,Sulawesi Tengah ,-0.89987,119.8695,75,Gempa bumi ,Covid19,Terorisme ,Punya dan berfungsi,Punya dan berfungsi,Tidak punya,Ya,,Ya,Ya,Punya dan tersimpan dengan baik (mudah diakses),"Ya, sudah teruji",Retak ringan,Terdampak tetapi masih ada pada tempatnya,Tidak,"Punya, sudah diperbarui",Tidak punya,"Punya, aktif dan selalu meningkatkan kapasitas","Punya, aktif dan selalu meningkatkan kapasitas",Kelompok masyarakat peduli bencana,"Ya, 1-2 tahun",Kotak P3K,Tidak,Tim penanganan bencana yang terlatih,"Pendataan ekonomi jemaat (tingkat perekonomian jemaat, bagaimana cara jemaat mengatasi perubahan kebutuhan ekonomi disaat pandemi), Pendataan pekerjaan/kegiatan usaha jemaat",Tidak,Ya,Alokasi anggaran khusus bencana (diambilkan dari persembahan bulan khusus bencana),Tidak,Ya,TNI/POLRI,Bantuan usaha,Tidak ada,Broadcast message WhatsApp Group,Siap,"Simulasi menghadapi bencana, Epidemi dan wabah penyakit, Terorisme",Tidak ada , 6 Mei 2021,Red,Green,Green,Green,Orange,Green,Green,Green,Green,Red,Green,Orange,Orange
Gereja IFGF,Jalan Patimura No 72,Sulawesi Tengah ,-0.90283,119.8687,60,Gempa bumi,Covid19,Terorisme ,Punya dan berfungsi,Punya dan berfungsi,"Punya, tetapi tidak berfungsi",Ya,,Ya,Ya,Punya dan tersimpan dengan baik (mudah diakses),"Ya, sudah teruji",Retak ringan,"Kursi yang tersusun jatuh, tapi tidak membahayakan ",Tidak,"Punya, sudah diperbarui","Punya, sudah diperbarui","Punya, aktif dan selalu meningkatkan kapasitas","Punya, aktif dan selalu meningkatkan kapasitas","BPBD/BNPB, Aparat setempat","Ya, > 2 tahun","Peluit, Kotak P3K, Safety Box berisi dokumen penting, Genset",Ya,"Dana insidental kebencanaan , Dana kebencanaan rutin  , Tim penanganan bencana yang terlatih, Tenaga/Pelayan Pastoral","Pendataan kelompok rentan (disabilitas, lansia, ibu hamil, dan anak-anak), Pendataan ekonomi jemaat (tingkat perekonomian jemaat, bagaimana cara jemaat mengatasi perubahan kebutuhan ekonomi disaat pandemi), Pendataan pekerjaan/kegiatan usaha jemaat",Gempa bumi ,Ya,Keduanya (insidental dan alokasi anggaran bulanan khusus bencana),Gempa bumi,Ya,"TNI/POLRI, BNPB/BPBD, Dari IFGF luar Palu ",Bantuan usaha,"Ibadah minggu, Sekolah Minggu","Poster, Broadcast message WhatsApp Group, Sosial media ",Siap,"Interaksi dan konflik sosial, Radikalisme ","Workshop, seminar yang dikhususkan untuk anak muda ",6 Mei 2021,Red,Red,Green,Green,Orange,Green,Green,Green,Green,Red,Green,Orange,Orange
GPdI Shekinah Tondo,Jl. Varuvuri Tondo,Sulawesi Tengah,-0.85043,119.8821,150,Gempa bumi,Terorisme,Covid-19,Punya dan berfungsi,Punya dan berfungsi,Tidak punya,Ya,,Tidak,Ya,Punya dan tersimpan dengan baik (mudah diakses),Gedung yang baru dibangun 1 lantai tapi untuk pondasi dan struktur bangunannya dibangun setara gedung 4 lantai.,,Bagunan Gereja lama rusak total,Tidak,"Punya, sudah diperbarui","Punya, sudah diperbarui",Tidak punya,Tidak punya,"BPBD/BNPB, SAR","Ya, 1-2 tahun",Genset,Tidak,"Dana insidental kebencanaan , Tenaga/Pelayan Pastoral",Tidak ada,Tidak,Tidak ada tapi jika ada bencana akan diambil dari dana kas yang ada,Insidental (penggalangan dana/persembahan bencana),Gempa bumi & tsunami,Tidak,Belum ada,Tidak ada,Ibadah minggu,Khotbah,Siap,Apa saja program pelatihan yang diberikan aka dilihat dulu apakah sesuai dengan kondisi jemaat,Bencana ini tidak bisa dihindari maka harapannya untuk semua gereja bisa saling peduli terhadap sesama dan juga terhadap lingkungan. ,7 mei 2021,Red,Green,Green,Green,Orange,Green,Green,Green,Green,Red,Green,Orange,Orange
GPdi Ekklesia Thamrin,Jl. Thamrin no 74,Sulawesi tengah,-0.896,119.8867,700,Alam,Non alam,Sosial,"Punya, tetapi tidak aktif/tidak berfungsi","Punya, tetapi tidak aktif/tidak berfungsi",Tidak punya,Ya,,Ya,Ya,Punya dan tersimpan dengan baik (mudah diakses),Tidak,Ada struktur tulangan yang lepas,Tidak terdampak,Tidak,"Punya, sudah diperbarui",Tidak punya,"Punya, aktif dan selalu meningkatkan kapasitas",Sudah direncanakan akan dibentuk satgas bencana tapi belum terealisasi,BPBD/BNPB,"Ya, 1-2 tahun","Alat pemadam kebakaran, Genset, Tenda darurat",Tidak,Ada dana diakonia,Pendataan jemaat secara umum,Tidak,Memakai dana diakonia,Insidental (penggalangan dana/persembahan bencana),Bencana alam (gempa) & bencana non alam (covid),Ya,Belum ada,Tidak ada,"Ibadah minggu, Sekolah Minggu","Khotbah, Broadcast message WhatsApp Group",Sedikit siap,"Pelatihan Pertolongan Pertama pada Gawat Darurat (PPGD), Rencana Kontijensi Bencana (rencana gereja bergerak bersama jejaring seperti pelatihan dengan BPBD/BNPB/LSM/SAR, dll.), Simulasi menghadapi bencana, Disabilitas dan inklusi, Keterampilan psikososial dalam penanganan korban bencana, Epidemi dan wabah penyakit, Terorisme",Pembentukan satgas bencana di tiap gereja yang tidak berdiri sendiri tapi dinaungi satu pihak (diwadahi) untuk memudahkan kordinasi. Tidak bekerja secara jemaat lokal. , 7 mei 2021,Red,Green,Green,Green,Orange,Green,Green,Green,Green,Red,Green,Orange,Orange
Gereja Pantekosta Pusat Surabaya (GPPS),Jalan Sulawesi No. 16 Palu 94235 ,Sulawesi Tengah,-0.89986,119.8682,677,Gempa Bumi,Epidemi dan wabah penyakit covid19,Terorisme,Tidak punya,Tidak punya,Tidak punya,Sementara membangun,,Ya,Ya,Pernah mempunyai (tidak dapat diakses lagi),Bangunan Gereja lama Hancur,Bangunan lama rubuh total,Tidak terdampak,Tidak,Tidak punya,Tidak punya,Tidak punya,Tidak punya,"SAR, PMI",Tidak,"Lampu senter, Kotak P3K, Alat pemadam kebakaran, Alat pengeras suara, Genset",Tidak,Tenaga/Pelayan Pastoral,Pendataan anggota jemaat,Tidak,Tidak,Insidental (penggalangan dana/persembahan bencana),Tidak,Ya,Belum ada,Motivasi,Ibadah minggu,Khotbah,Siap,Simulasi menghadapi bencana,Simulasi menghadapi bencana kepada jemaat,7 Mei 2021,Red,Red,Green,Green,Orange,Green,Green,Green,Green,Red,Green,Orange,Orange
Gpdi Solagratia kota palu,Jl. Tanggul selatan no 24,Sulawesi tengah,-0.92619,119.9026,106,Gempa bumi,Banjir,Kekeringan,"Punya, tetapi tidak aktif/tidak berfungsi","Punya, tetapi tidak aktif/tidak berfungsi",Tidak punya,Ya,,"Hanya jendela terbuka keluar, pintu terbuka kedalam",Ya,Punya dan tersimpan dengan baik (mudah diakses),Tidak,"Dinding terbelah, lantai terbelah, atap bergeser",Terdampak tetapi masih ada pada tempatnya,Tidak,"Punya, tetapi tidak diperbarui","Punya, tetapi tidak diperbarui","Punya, aktif dan selalu meningkatkan kapasitas",Tidak punya,"BPBD/BNPB, SAR, PMI",Tidak,"Lampu senter, Lampu darurat, Kotak P3K, Alat pengeras suara, Genset",Ya,"Dana insidental kebencanaan, Tenaga/Pelayan Pastoral","Pendataan kelompok rentan (disabilitas, lansia, ibu hamil, dan anak-anak)",Tidak,Tidak,Insidental (penggalangan dana/persembahan bencana),Tidak,Tidak,Tidak ada,Tidak ada,"Ibadah minggu, Sekolah Minggu","Khotbah, Video, Broadcast message WhatsApp Group",Siap,"Pelatihan Pertolongan Pertama pada Gawat Darurat (PPGD), Manajemen Barak, Teologi Bencana (Church and Community Transformation Resilience Approach-CCT), Rencana Kontijensi Bencana (rencana gereja bergerak bersama jejaring seperti pelatihan dengan BPBD/BNPB/LSM/SAR, dll.), Simulasi menghadapi bencana, Perubahan iklim dan dampaknya, lingkungan, kualitas, dan kelestarian, Interaksi dan konflik sosial, Disabilitas dan inklusi, Keterampilan psikososial dalam penanganan korban bencana, Pelatihan pengelolaan dana dan bantuan, Epidemi dan wabah penyakit, Terorisme",Tidak ada,25 April 2021,Red,Green,Green,Green,Orange,Green,Green,Green,Green,Red,Green,Orange,Orange